[ 34  88  52 152  48  48  94  80  80  76]
-0.2
[122  84  52 152  48  48 134 288  80  76]
-0.2
[ 74  60  52 152  48  48  70 320  80  76]
-0.2
[146  60  52 152  48  48  90 268  80  76]
-0.2
[ 86  88  52 152  48  48 118  72  80  76]
-0.2
[ 58  40  52 152  48  48  46 184  80  76]
-0.2
[114  80  52 152  48  48  74 328  80  76]
-0.2
[126  92  52 152  48  48  94 340  80  76]
-0.2
[ 66  72  52 152  48  48  58 304  80  76]
-0.2
[ 30  92  52 152  48  48 122 176  80  76]
0.5026231104899912
[138  52  52 152  48  48 122 276  80  76]
0.42404677386126766
[ 70  64  52 152  48  48 150  48  80  76]
0.0
[130  60  52 152  48  48 106 284  80  76]
0.5029105820621358
[ 82  88  52 152  48  48  82 332  80  76]
2.7252135511817115
[ 90  92  52 152  48  48 130 268  80  76]
0.42662306415898166
[ 62  92  52 152  48  48 102 292  80  76]
0.6614490011353815
[150  44  52 152  48  48  50 292  80  76]
0.15159766665507535
[ 78  80  52 152  48  48  86  48  80  76]
0.0
[ 98  52  52 152  48  48  90 180  80  76]
0.6297955276122091
[ 46  80  52 152  48  48  74 108  80  76]
1.0521106771087154
[142  72  52 152  48  48  78 216  80  76]
0.5289508730083339
[ 50  84  52 152  48  48  38 240  80  76]
0.4010788258799398
[154  96  52 152  48  48 122  76  80  76]
0.0
[102  60  52 152  48  48  82 236  80  76]
0.431476307441393
[ 94 100  52 152  48  48 110 220  80  76]
0.43662267578643243
[158  96  52 152  48  48 142  48  80  76]
0.0
[134  48  52 152  48  48  86 112  80  76]
0.0
[110  56  52 152  48  48 102 204  80  76]
0.5168474153180258
[ 42  68  52 152  48  48  42 124  80  76]
1.1346450829161716
[118  64  52 152  48  48 142 288  80  76]
0.4102351011810439
[ 54  76  52 152  48  48 142 200  80  76]
0.5501201126168991
[ 38  64  52 152  48  48  50 244  80  76]
0.3734876510870757
[106  44  52 152  48  48 130 216  80  76]
0.3466638898690946
[ 82  80  52 152  48  48  78 220  80  76]
0.41850256776736017
[ 42  80  52 152  48  48 102 220  80  76]
0.40563935564871345
[ 46  56  52 152  48  48  34 236  80  76]
0.420378563449578
[ 82  44  52 152  48  48  54 124  80  76]
1.3130701623099812
[ 62 100  52 152  48  48 102 144  80  76]
0.549266917386205
[ 98  80  52 152  48  48 130 336  80  76]
0.4096165771090965
[ 54  96  52 152  48  48  82 208  80  76]
0.421185986872451
[142  92  52 152  48  48  46 220  80  76]
0.5350436265193141
[110  92  52 152  48  48  50 108  80  76]
0.0
[130  52  52 152  48  48 126 140  80  76]
0.9275901934899697
[ 30  64  52 152  48  48  90 200  80  76]
0.4126953683729133
[ 94  56  52 152  48  48  66 316  80  76]
1.8225300804011826
[102  88  52 152  48  48  38 328  80  76]
2.0246454992134755
[ 90  68  52 152  48  48 110 164  80  76]
0.5554230114288596
[138  76  52 152  48  48 106 208  80  76]
0.537821469908087
[102  76  52 152  48  48  54 296  80  76]
0.5679494695129303
[118  60  52 152  48  48  82 224  80  76]
0.47631207071034076
[ 50 100  52 152  48  48 142 324  80  76]
0.6412094225227218
[ 38  64  52 152  48  48 118  56  80  76]
0.0
[106  84  52 152  48  48  38 224  80  76]
0.4816535063602856
[ 94  40  52 152  48  48 134 200  80  76]
0.3312145437920577
[ 82  96  52 152  48  48 106 324  80  76]
0.5348341521856423
[150  84  52 152  48  48 122 336  80  76]
0.48120826212929524
[ 70 100  52 152  48  48 146  52  80  76]
0.0
[ 78  64  52 152  48  48  70  72  80  76]
0.0
[154 100  52 152  48  48  30 180  80  76]
0.4342357286676777
[158  88  52 152  48  48 150 200  80  76]
0.5496161317288266
[134  48  52 152  48  48  34  64  80  76]
0.0
[ 42  92  52 152  48  48 126 296  80  76]
0.6248915793648062
[ 46  44  52 152  48  48  98 276  80  76]
0.4946658359301854
[130  48  52 152  48  48  78 100  80  76]
0.0
[ 82 100  52 152  48  48  58 244  80  76]
0.46001532993353056
[ 34  52  52 152  48  48  62 328  80  76]
0.8477060159556871
[122  48  52 152  48  48  94 100  80  76]
0.0
[ 74  72  52 152  48  48  98 236  80  76]
0.35421998508099195
[146  52  52 152  48  48  74 152  80  76]
0.9028615286971216
[ 86  56  52 152  48  48  66 292  80  76]
0.5751495100570037
[ 58  64  52 152  48  48 138  44  80  76]
0.0
[114  64  52 152  48  48 130 124  80  76]
0.9607036770231199
[126  64  52 152  48  48 102 208  80  76]
0.5294934737941679
[ 66  64  52 152  48  48  98 148  80  76]
0.5857028383522886
[102  64  52 152  48  48  94 308  80  76]
0.8233329417968784
[ 62  72  52 152  48  48  78 100  80  76]
0.0
[142  60  52 152  48  48  66  52  80  76]
0.0
[ 50  80  52 152  48  48  70 252  80  76]
0.3619116931327455
[ 98 100  52 152  48  48 118 156  80  76]
0.5942651788457634
[ 90  80  52 152  48  48 134 164  80  76]
0.4605364280273774
[ 54  88  52 152  48  48 142 208  80  76]
0.5626549674968064
[ 94  44  52 152  48  48  58 228  80  76]
0.43835785922675075
[138  96  52 152  48  48 114 252  80  76]
0.44222703307367417
[ 30  60  52 152  48  48  94 316  80  76]
2.1606539867633794
[ 30  56  52 152  48  48  78 340  80  76]
2.7005271500461667
[ 30  40  52 152  48  48 110 204  80  76]
0.4716615689565864
[ 30  44  52 152  48  48  94 340  80  76]
2.029383524804203
[ 30  88  52 152  48  48  82 312  80  76]
3.5551589311805287
[ 30  92  52 152  48  48  90  68  80  76]
0.7919808511791331
[ 30  80  52 152  48  48  50  64  80  76]
0.0
[118  80  52 152  48  48  74 268  80  76]
0.4277118043939434
[106  64  52 152  48  48  86 196  80  76]
0.6157571574320326
[114  76  52 152  48  48  78 328  80  76]
2.6110613632827215
[114  72  52 152  48  48 142 268  80  76]
0.4041957946873125
[146  60  52 152  48  48  94 312  80  76]
0.7391646782026766
[102  48  52 152  48  48 146 128  80  76]
0.6270181936571129
[ 42  60  52 152  48  48  70  60  80  76]
0.0
[ 34  84  52 152  48  48 130 216  80  76]
0.6489737988998634
[114  44  52 152  48  48  94 268  80  76]
0.42172255259820735
[150  68  52 152  48  48  74 240  80  76]
0.42813068538317545
[ 82  84  52 152  48  48  74  92  80  76]
0.0
[ 30  72  52 152  48  48  78 100  80  76]
0.9397521471866046
[158  52  52 152  48  48  74 252  80  76]
0.3799274192662827
[ 46  48  52 152  48  48 114  44  80  76]
0.0
[110  40  52 152  48  48  58 132  80  76]
0.9971300677053194
[154  48  52 152  48  48 150 256  80  76]
0.432968438092336
[ 66  88  52 152  48  48 114 124  80  76]
0.6114700340844088
[ 86  76  52 152  48  48 122 176  80  76]
0.45695066066366197
[ 38  52  52 152  48  48  54 264  80  76]
0.38378039388828
[ 30  68  52 152  48  48 102 316  80  76]
0.7886031941006524
[126  72  52 152  48  48  30  48  80  76]
0.0
[ 98  72  52 152  48  48  50 264  80  76]
0.4231708803754324
[ 94  48  52 152  48  48  38 144  80  76]
1.0404681973266325
[ 54 100  52 152  48  48 126  44  80  76]
0.0
[110  88  52 152  48  48  54 180  80  76]
0.7731254683767965
[102  56  52 152  48  48 134  72  80  76]
0.0
[106  92  52 152  48  48  90 180  80  76]
0.6672659352417867
[ 90  48  52 152  48  48  38 284  80  76]
0.4733628164613113
[146  56  52 152  48  48  78  84  80  76]
0.0
[130  40  52 152  48  48  74 276  80  76]
0.40100187473656623
[ 74  56  52 152  48  48 102 124  80  76]
0.8385837522827921
[ 50  56  52 152  48  48  54 116  80  76]
1.3411725234275655
[138  44  52 152  48  48 142  56  80  76]
0.0
[ 30  48  52 152  48  48 110 308  80  76]
0.6337686148148023
[ 50  88  52 152  48  48 150 300  80  76]
0.6162338246652403
[114  60  52 152  48  48  98  48  80  76]
0.0
[118 100  52 152  48  48  74  88  80  76]
0.0
[ 34  44  52 152  48  48  42 296  80  76]
0.6035621705403886
[ 94  64  52 152  48  48  54  92  80  76]
0.0
[ 62  80  52 152  48  48  42 304  80  76]
0.8089864572955294
[ 70  72  52 152  48  48  70 268  80  76]
0.4008315954121182
[ 78  56  52 152  48  48  94 148  80  76]
0.6857896467460958
[134  68  52 152  48  48  70 276  80  76]
0.4076724171376995
[ 82  52  52 152  48  48  98 164  80  76]
0.5735900483723801
[142  96  52 152  48  48 102  48  80  76]
0.0
[ 30  52  52 152  48  48 114 164  80  76]
0.5155349571609549
[150  96  52 152  48  48  66  48  80  76]
0.0
[ 66  80  52 152  48  48 114 252  80  76]
0.40698301949978233
[110 100  52 152  48  48  62 336  80  76]
0.6524699703420582
[ 74  68  52 152  48  48 126  64  80  76]
0.0
[158  96  52 152  48  48  38 152  80  76]
0.4446484460216529
[122  52  52 152  48  48 114 132  80  76]
1.0956512266822829
[ 58  60  52 152  48  48  62 152  80  76]
0.7345520239112167
[ 42  56  52 152  48  48 146 248  80  76]
0.6504141292173231
[122  40  52 152  48  48  50 244  80  76]
0.355961017395128
[154  60  52 152  48  48 106 164  80  76]
0.9000993224213523
[106  72  52 152  48  48 110  60  80  76]
0.0
[ 86  44  52 152  48  48  38 240  80  76]
0.4168705060264646
[ 98  56  52 152  48  48 126 176  80  76]
0.49109979969645745
[ 50  96  52 152  48  48  42 272  80  76]
0.45917507619113573
[ 62  76  52 152  48  48 122 208  80  76]
0.39661878144637686
[ 38  72  52 152  48  48 106 132  80  76]
0.5309693466716554
[ 30  76  52 152  48  48  58 272  80  76]
0.4082025118872603
[ 46 100  52 152  48  48 126  92  80  76]
0.484002066878813
[ 90  84  52 152  48  48  30 284  80  76]
0.4371277223470067
[ 82  64  52 152  48  48  42 180  80  76]
0.7719348785762985
[ 34  60  52 152  48  48  46 176  80  76]
0.556379861486713
[ 78  68  52 152  48  48  90 320  80  76]
1.2331887949018725
[ 78  40  52 152  48  48  62 260  80  76]
0.3889272764280607
[130  80  52 152  48  48  98 156  80  76]
0.8570661178157359
[102  84  52 152  48  48  86 276  80  76]
0.4439054257288151
[154  72  52 152  48  48 110 228  80  76]
0.4570737895348096
[ 58  76  52 152  48  48  82 308  80  76]
1.33985276429893
[ 58  48  52 152  48  48  82 172  80  76]
0.48847001017873226
[110  60  52 152  48  48 122 320  80  76]
0.44898850758280306
[114  68  52 152  48  48  90 192  80  76]
0.6537381886403786
[ 30 100  52 152  48  48  86 324  80  76]
3.993140190910693
[ 30  96  52 152  48  48  70 120  80  76]
0.6924891398919288
[ 30  84  52 152  48  48  34 216  80  76]
0.41395611000577004
[ 30 100  52 152  48  48 118 244  80  76]
0.6621544571272076
[ 42  76  52 152  48  48  34 204  80  76]
0.5096457353768884
[ 94  88  52 152  48  48  98 260  80  76]
0.39654804069094896
[ 82  60  52 152  48  48 122 180  80  76]
0.45521118127385085
[ 54  68  52 152  48  48 126 260  80  76]
0.5777705559608124
[134  76  52 152  48  48  46 308  80  76]
0.32076493890685254
[ 70  88  52 152  48  48  66 220  80  76]
0.42627732845529365
[130  72  52 152  48  48  90 156  80  76]
0.9081035288717916
[ 30  88  52 152  48  48 114 148  80  76]
0.47374525221649266
[146  84  52 152  48  48 138  64  80  76]
0.0
[126 100  52 152  48  48  54 212  80  76]
0.5903897399969964
[ 66 100  52 152  48  48  94  76  80  76]
0.0
[138  52  52 152  48  48  86 228  80  76]
0.471555179330307
[ 50  84  52 152  48  48  34 116  80  76]
0.0
[158  72  52 152  48  48 102  96  80  76]
0.0
[ 98  40  52 152  48  48  78 296  80  76]
0.5962745152499593
[118  44  52 152  48  48  98 260  80  76]
0.4096006178929894
[ 34  80  52 152  48  48 102 232  80  76]
0.47518070727636474
[ 38  44  52 152  48  48  34 188  80  76]
0.5472890577407974
[ 46  40  52 152  48  48  70 256  80  76]
0.3271705884050047
[ 62  40  52 152  48  48 130 132  80  76]
0.4648364234633797
[122  96  52 152  48  48  82 220  80  76]
0.4925301440774772
[ 86  48  52 152  48  48 130 280  80  76]
0.44471089563217503
[102  44  52 152  48  48 142 124  80  76]
0.653250628208722
[130  92  52 152  48  48 146 248  80  76]
0.38553517076179267
[ 58  56  52 152  48  48  38  48  80  76]
0.0
[ 90  64  52 152  48  48  46 228  80  76]
0.46514649457287405
[114  56  52 152  48  48 106  72  80  76]
0.0
[ 30  56  52 152  48  48  86 168  80  76]
0.4685715406348594
[ 78  60  52 152  48  48 114  52  80  76]
0.0
[154  92  52 152  48  48  90  44  80  76]
0.0
[110  44  52 152  48  48 118 120  80  76]
1.058743050461494
[ 82  76  52 152  48  48 146 200  80  76]
0.41217423004084486
[142  84  52 152  48  48  54 328  80  76]
0.5515859333101987
[150  40  52 152  48  48  86 140  80  76]
0.8635855862361321
[ 42  40  52 152  48  48 106 328  80  76]
0.6677233819892596
[ 54  64  52 152  48  48  62 232  80  76]
0.38065033130476267
[106  88  52 152  48  48  98 216  80  76]
0.4455472198820152
[ 74  80  52 152  48  48 106 196  80  76]
0.4205999740064301
[ 94  60  52 152  48  48  50 196  80  76]
0.6892757666973726
[110  56  52 152  48  48  30 120  80  76]
0.0
[ 30  60  52 152  48  48 114 292  80  76]
0.6252790918898776
[126  76  52 152  48  48  54 292  80  76]
0.4109442432673922
[ 98  76  52 152  48  48  34 172  80  76]
0.815017554024039
[102  52  52 152  48  48  66 152  80  76]
0.9860229552594606
[150  72  52 152  48  48  66  44  80  76]
0.0
[ 70  64  52 152  48  48 126 228  80  76]
0.4095497622387836
[138  92  52 152  48  48  38 272  80  76]
0.29181768344916414
[ 38  88  52 152  48  48  34 156  80  76]
0.7042062074488213
[ 30  44  52 152  48  48  46  88  80  76]
0.0
[ 34  92  52 152  48  48 146  40  80  76]
0.0
[102  80  52 152  48  48  66  56  80  76]
0.0
[134  44  52 152  48  48 146 104  80  76]
1.438554027272486
[134  88  52 152  48  48  74 192  80  76]
0.7308741129132927
[134  96  52 152  48  48 102 320  80  76]
0.6194338808758886
[ 62  44  52 152  48  48  94  96  80  76]
1.1531892304474787
[ 62  60  52 152  48  48 122 244  80  76]
0.4613452360222543
[122  84  52 152  48  48  98 304  80  76]
0.66457410850713
[118  48  52 152  48  48  78 160  80  76]
0.9087352861681095
[ 42  96  52 152  48  48  94 288  80  76]
0.6919593837451348
[130  88  52 152  48  48  98  88  80  76]
0.0
[ 90  40  52 152  48  48 150 316  80  76]
0.42993455586650753
[ 98  88  52 152  48  48 142 256  80  76]
0.394220050329106
[ 86  92  52 152  48  48 134 168  80  76]
0.44868605979042364
[ 82  56  52 152  48  48 134 208  80  76]
0.3938786953433324
[ 94  84  52 152  48  48 134 276  80  76]
0.41293475129106216
[ 46  68  52 152  48  48 134 212  80  76]
0.5974461871595709
[142  72  52 152  48  48 122 216  80  76]
0.4662033742312408
[ 50  92  52 152  48  48 118 296  80  76]
0.6217932317392085
[118  64  52 152  48  48  34 272  80  76]
0.3375805855206915
[114  48  52 152  48  48  46 288  80  76]
0.4208325727581643
[106 100  52 152  48  48 146 128  80  76]
0.6342144242147154
[ 38  84  52 152  48  48 134 136  80  76]
0.5071504784623928
[ 30 100  52 152  48  48 110  48  80  76]
0.0
[146 100  52 152  48  48 118 156  80  76]
0.8467121117413285
[ 54  84  52 152  48  48  74  88  80  76]
0.0
[ 74  40  52 152  48  48 114 196  80  76]
0.3400972790289045
[ 66  72  52 152  48  48  54 144  80  76]
0.8996568589407443
[ 42  72  52 152  48  48 134 200  80  76]
0.5968753254316679
[158 100  52 152  48  48 134 300  80  76]
0.49746032087302705
[134  72  52 152  48  48 102 236  80  76]
0.4314950670060336
[122  56  52 152  48  48  86 156  80  76]
0.9463559141257454
[126  60  52 152  48  48 134 248  80  76]
0.3764131603636345
[ 58  88  52 152  48  48 102 252  80  76]
0.39829003978052113
[ 78  84  52 152  48  48 102 212  80  76]
0.3848583881855774
[ 66  60  52 152  48  48  62 324  80  76]
2.0105442715263906
[ 66  76  52 152  48  48  98 252  80  76]
0.36442152769416514
[ 66  92  52 152  48  48  74 248  80  76]
0.39410696992218996
[ 46  60  52 152  48  48  58  84  80  76]
0.0
[ 62  48  52 152  48  48 146  52  80  76]
0.0
[146  44  52 152  48  48  54 228  80  76]
0.44388656421606476
[ 82  68  52 152  48  48  30 304  80  76]
0.6987381021350418
[122  80  52 152  48  48  98 112  80  76]
0.0
[ 70  56  52 152  48  48  50 232  80  76]
0.44014821048963726
[110  76  52 152  48  48 130  56  80  76]
0.0
[ 50  52  52 152  48  48 150  80  80  76]
0.2834020916315554
[ 94 100  52 152  48  48  34 240  80  76]
0.45687754550013926
[154  68  52 152  48  48  90 268  80  76]
0.3994401010645614
[ 90  44  52 152  48  48 130  72  80  76]
1.8704570299441827
[ 90  76  52 152  48  48  34 328  80  76]
1.176405064067934
[ 90  56  52 152  48  48  34 328  80  76]
1.210117722345772
[ 90  60  52 152  48  48 122 320  80  76]
0.4539132922738811
[ 90  96  52 152  48  48  46 328  80  76]
1.3321896572578646
[ 90  52  52 152  48  48  98 260  80  76]
0.3844727871443059
[ 98  60  52 152  48  48  98 268  80  76]
0.412233775321428
[138  64  52 152  48  48 142  44  80  76]
0.0
[ 86  72  52 152  48  48 126 244  80  76]
0.3710141791256669
[106  40  52 152  48  48 110  92  80  76]
0.0
[102 100  52 152  48  48  94  84  80  76]
0.0
[ 30  88  52 152  48  48  82  76  80  76]
1.65892364516406
[ 30  72  52 152  48  48 126 340  80  76]
0.5715856438163491
[142  76  52 152  48  48 130  96  80  76]
0.0
[ 42 100  52 152  48  48 118  80  80  76]
0.5281935584813082
[114  40  52 152  48  48  78 220  80  76]
0.4334876075507854
[ 38  80  52 152  48  48  98  48  80  76]
0.0
[ 82  48  52 152  48  48 150 120  80  76]
0.5781475698727867
[ 30  56  52 152  48  48  62  44  80  76]
0.0
[118  92  52 152  48  48  54 108  80  76]
0.0
[150 100  52 152  48  48 106  44  80  76]
0.0
[ 34  40  52 152  48  48 138  84  80  76]
0.37090207909982276
[130  56  52 152  48  48  46  52  80  76]
0.0
[ 66  56  52 152  48  48  30  52  80  76]
0.0
[158  56  52 152  48  48  90 132  80  76]
0.9961742184495828
[134  56  52 152  48  48  62 316  80  76]
0.8745894345743301
[158  76  52 152  48  48 102  80  80  76]
0.0
[ 90  92  52 152  48  48 114 192  80  76]
0.47594777811177913
[ 94  68  52 152  48  48 118  60  80  76]
0.0
[ 58  68  52 152  48  48 134 132  80  76]
0.5312922799894693
[ 74  96  52 152  48  48  54 120  80  76]
1.2882572268035066
[ 74 100  52 152  48  48 114 192  80  76]
0.4637493335076577
[146  64  52 152  48  48  58 132  80  76]
0.0
[134  80  52 152  48  48  34 308  80  76]
0.1055004149624692
[126  84  52 152  48  48 126  44  80  76]
0.0
[ 78 100  52 152  48  48  34 320  80  76]
1.8886966801580942
[ 78  76  52 152  48  48  62 144  80  76]
0.9120168514541194
[ 78  44  52 152  48  48  34 128  80  76]
1.210487863206073
[ 78  88  52 152  48  48  62 340  80  76]
0.7201707412102505
[ 78  52  52 152  48  48  66 220  80  76]
0.4459414153721306
[ 82  40  52 152  48  48  78 264  80  76]
0.37389071613033154
[ 70  44  52 152  48  48 130  92  80  76]
0.7133390590599733
[ 98  52  52 152  48  48 114 304  80  76]
0.4791140869124437
[ 50  40  52 152  48  48 146 184  80  76]
0.5356396683046516
[154  88  52 152  48  48  62 132  80  76]
0.6639972236738021
[ 42  68  52 152  48  48 134 248  80  76]
0.6479995830498173
[ 30  88  52 152  48  48  54  68  80  76]
0.0
[114  88  52 152  48  48 118 116  80  76]
1.1800409175294375
[114  52  52 152  48  48  90 204  80  76]
0.5565584947337552
[ 86  68  52 152  48  48 150  60  80  76]
0.0
[ 74  76  52 152  48  48  54 328  80  76]
1.3875344537577265
[ 74  64  52 152  48  48 118 196  80  76]
0.40659327942297985
[ 54  76  52 152  48  48  46 264  80  76]
0.40484281132312305
[ 78  72  52 152  48  48  54 116  80  76]
0.0
[ 90 100  52 152  48  48 114 140  80  76]
0.6589067083699331
[ 62  92  52 152  48  48  46 128  80  76]
1.1038816885322265
[ 62  56  52 152  48  48  46 144  80  76]
0.9792236271481791
[110  64  52 152  48  48 106 200  80  76]
0.527910893118805
[ 70  76  52 152  48  48  78 212  80  76]
0.4159733270070096
[ 62  84  52 152  48  48  66  44  80  76]
0.0
[ 46  96  52 152  48  48  82 112  80  76]
0.8213257974892494
[102  60  52 152  48  48  90 176  80  76]
0.6768711126598532
[122  76  52 152  48  48  74 200  80  76]
0.6448558473761308
[ 34  48  52 152  48  48  30 188  80  76]
0.5643220822869315
[ 42  64  52 152  48  48  62 124  80  76]
0.9144101672190408
[ 58  84  52 152  48  48  82 204  80  76]
0.41360784804697404
[154  84  52 152  48  48 110 100  80  76]
0.0
[ 74  84  52 152  48  48 134 228  80  76]
0.41838370099249533
[ 82  72  52 152  48  48  70  72  80  76]
0.0
[114 100  52 152  48  48  74  80  80  76]
0.0
[ 50  72  52 152  48  48 106  72  80  76]
1.4085300826702456
[ 50  64  52 152  48  48 122  40  80  76]
0.0
[ 30  92  52 152  48  48 122 296  80  76]
0.6151722975316454
[106  60  52 152  48  48  30 320  80  76]
0.9057208368227023
[ 90  72  52 152  48  48  82 236  80  76]
0.39888883594599833
[ 98  64  52 152  48  48  30  52  80  76]
0.0
[ 46  80  52 152  48  48  54 220  80  76]
0.39442170519158326
[ 42  88  52 152  48  48  86 272  80  76]
0.4618333418813896
[138  84  52 152  48  48 134 116  80  76]
1.292804384948911
[138 100  52 152  48  48  98 264  80  76]
0.47111907756519944
[106  96  52 152  48  48  98 340  80  76]
0.6601457289320836
[102  68  52 152  48  48  94 256  80  76]
0.39839516669491815
[ 38  60  52 152  48  48  38  48  80  76]
0.0
[ 66  48  52 152  48  48  78 124  80  76]
0.9837425563844555
[142  80  52 152  48  48  54 172  80  76]
0.7171117315643556
[122  92  52 152  48  48  62 144  80  76]
0.9366863414469944
[ 66  96  52 152  48  48  94 224  80  76]
0.39187363725475377
[130  96  52 152  48  48  46 280  80  76]
0.34652621732241684
[ 30  68  52 152  48  48  98 232  80  76]
0.48307918340163547
[118  96  52 152  48  48  98 224  80  76]
0.4637783314022883
[ 94  96  52 152  48  48 110  72  80  76]
0.0
[110  96  52 152  48  48 142 296  80  76]
0.4071624611059874
[138  56  52 152  48  48  90 284  80  76]
0.48888578280690265
[122  68  52 152  48  48 150 180  80  76]
0.4766936913372477
[134  92  52 152  48  48 150 104  80  76]
0.0
[ 54  92  52 152  48  48  86 252  80  76]
0.3853254018902663
[ 34  68  52 152  48  48  90 184  80  76]
0.4336734551551775
[158  40  52 152  48  48  58  84  80  76]
0.0
[150  48  52 152  48  48  34 204  80  76]
0.552482494660119
[ 70  80  52 152  48  48  50 336  80  76]
0.5928977959939519
[142  68  52 152  48  48  30 124  80  76]
0.0
[106  48  52 152  48  48  82 112  80  76]
0.0
[ 90  88  52 152  48  48 102 200  80  76]
0.4773901820621067
[ 78  80  52 152  48  48  82 332  80  76]
2.9314227628927703
[ 78  92  52 152  48  48  62 124  80  76]
1.1797035366880928
[ 78  48  52 152  48  48  50 100  80  76]
0.0
[ 78  96  52 152  48  48  46 168  80  76]
0.7745414308400702
[ 78  80  52 152  48  48 142 132  80  76]
0.5202777193213874
[ 30  96  52 152  48  48 118 168  80  76]
0.4835846471901295
[ 58  72  52 152  48  48  74 292  80  76]
0.5556162147045398
[ 42  52  52 152  48  48  46 260  80  76]
0.38921106310786113
[ 74  48  52 152  48  48  74  60  80  76]
0.0
[146  96  52 152  48  48  38  52  80  76]
0.0
[ 78 100  52 152  48  48  62 312  80  76]
1.4376792590179623
[ 78  68  52 152  48  48  94 252  80  76]
0.3647767836595679
[ 50  60  52 152  48  48 126 328  80  76]
0.6116499830771889
[ 46  52  52 152  48  48 134  72  80  76]
1.583405511074202
[ 46  88  52 152  48  48  62 140  80  76]
0.6985491407932294
[ 46  72  52 152  48  48 102 228  80  76]
0.403460298916795
[126  96  52 152  48  48  98 144  80  76]
0.9452290288667446
[126  80  52 152  48  48  82 340  80  76]
1.6268149698395384
[126  56  52 152  48  48  94 240  80  76]
0.4438515107369496
[126  40  52 152  48  48  70 240  80  76]
0.3865435619969009
[102  96  52 152  48  48  86  52  80  76]
0.0
[ 62  68  52 152  48  48 134  84  80  76]
0.14757853949737632
[ 82  92  52 152  48  48  34 172  80  76]
0.7917730427482506
[ 30  60  52 152  48  48  54 188  80  76]
0.47451500933704094
[ 66  84  52 152  48  48 122  40  80  76]
0.0
[138  80  52 152  48  48 106  76  80  76]
0.0
[ 86  64  52 152  48  48  70 288  80  76]
0.5201661258945078
[122  44  52 152  48  48  90 104  80  76]
0.0
[118  76  52 152  48  48 110 288  80  76]
0.482741988342948
[114  80  52 152  48  48  94 164  80  76]
0.743783832198692
[110  52  52 152  48  48 110 124  80  76]
1.169822797073041
[110  84  52 152  48  48  82 172  80  76]
0.7323288815179001
[150  44  52 152  48  48  70 276  80  76]
0.3259357563194476
[ 78  44  52 152  48  48 146 296  80  76]
0.5070901249823856
[ 70  92  52 152  48  48  70 220  80  76]
0.4288857986421182
[ 90  44  52 152  48  48 110 304  80  76]
0.47974900816259813
[130  44  52 152  48  48  34 284  80  76]
0.21494038141047334
[ 34  76  52 152  48  48 114  72  80  76]
1.3336499294502109
[ 34  72  52 152  48  48  38 120  80  76]
1.1579868153932804
[ 34 100  52 152  48  48  42 260  80  76]
0.4441047493852177
[ 82  88  52 152  48  48  34  84  80  76]
0.0
[110  80  52 152  48  48 134 244  80  76]
0.35896478414904354
[ 50  68  52 152  48  48 130 260  80  76]
0.6203095311387574
[ 98  84  52 152  48  48  50 224  80  76]
0.46613064983657204
[ 58  80  52 152  48  48  38 164  80  76]
0.7437837165273857
[ 46  92  52 152  48  48  78 232  80  76]
0.3717642576603881
[154  52  52 152  48  48  74 304  80  76]
0.42411773583406
[ 54  44  52 152  48  48  70 304  80  76]
0.9047780907502392
[ 34  88  52 152  48  48  82 280  80  76]
0.5414014788007162
[ 42  44  52 152  48  48  46 160  80  76]
0.6284530872079068
[ 54  80  52 152  48  48  94  64  80  76]
0.0
[ 30  48  52 152  48  48  82  80  80  76]
1.0497473838172335
[114  96  52 152  48  48  42 208  80  76]
0.6154357072400733
[126  48  52 152  48  48  78 208  80  76]
0.5589693501496635
[ 30  52  52 152  48  48  94 100  80  76]
0.7738036694243602
[ 94  52  52 152  48  48 114 216  80  76]
0.38241869646850235
[ 78  92  52 152  48  48 150 252  80  76]
0.5287071469008622
[ 58  96  52 152  48  48  42 284  80  76]
0.5192798415444022
[ 30  40  52 152  48  48 130 296  80  76]
0.47517360085971694
[ 90  96  52 152  48  48 110  72  80  76]
0.0
[ 38 100  52 152  48  48  46 340  80  76]
0.5355401513555038
[134  60  52 152  48  48 122 296  80  76]
0.4863665383901914
[ 86  52  52 152  48  48 102 136  80  76]
0.7908748187870558
[ 50  76  52 152  48  48 102 124  80  76]
0.6162835858800491
[118  68  52 152  48  48 102  76  80  76]
0.0
[ 42  48  52 152  48  48  30 168  80  76]
0.6961773235074289
[ 34  96  52 152  48  48  98 144  80  76]
0.4729919283409185
[114  92  52 152  48  48  90 136  80  76]
1.022412524112203
[114  84  52 152  48  48  34  64  80  76]
0.0
[ 62  52  52 152  48  48  70 140  80  76]
0.8168838822426607
[ 70  48  52 152  48  48  78 140  80  76]
0.7980336245896436
[ 86  40  52 152  48  48  66 336  80  76]
0.7684838996298322
[106  44  52 152  48  48 114 116  80  76]
1.1473139610748522
[106  52  52 152  48  48 126 232  80  76]
0.3645125461144405
[ 74  88  52 152  48  48  94 148  80  76]
0.6146261490056257
[ 98  96  52 152  48  48 146 292  80  76]
0.4284865441263419
[158  80  52 152  48  48  94  68  80  76]
0.0
[126  92  52 152  48  48  42  76  80  76]
0.0
[ 46  84  52 152  48  48  94  72  80  76]
1.2490060161833436
[ 46  64  52 152  48  48  90  68  80  76]
0.0
[110  72  52 152  48  48 118 340  80  76]
0.4540139654854247
[ 30 100  52 152  48  48 134 208  80  76]
0.7169396866517599
[ 78  80  52 152  48  48  90 120  80  76]
1.0180545674172272
[102  40  52 152  48  48 150 160  80  76]
0.4056834475685904
[ 78 100  52 152  48  48  38 264  80  76]
0.47111910346935115
[154  40  52 152  48  48 142 220  80  76]
0.40121249744646126
[150  60  52 152  48  48 106 228  80  76]
0.47067956133908795
[142  44  52 152  48  48  82 232  80  76]
0.43499491351648567
[ 70  96  52 152  48  48  66 104  80  76]
0.0
[ 62  96  52 152  48  48  38  80  80  76]
0.0
[ 42  84  52 152  48  48 110 224  80  76]
0.4554272205529599
[ 50  48  52 152  48  48  46  68  80  76]
0.0
[ 86 100  52 152  48  48  50  64  80  76]
0.0
[ 58  40  52 152  48  48  62  96  80  76]
0.0
[146  68  52 152  48  48 126  76  80  76]
0.0
[ 82  44  52 152  48  48 138  52  80  76]
0.0
[130  60  52 152  48  48 134 164  80  76]
0.6494873466067144
[ 30  84  52 152  48  48  90 328  80  76]
2.8503791624319446
[ 30  84  52 152  48  48  42 156  80  76]
0.6139777677927996
[ 30  64  52 152  48  48  94 308  80  76]
2.1711547700341276
[ 30  64  52 152  48  48 106 232  80  76]
0.5423970248245125
[ 30  76  52 152  48  48 122 136  80  76]
0.517725035950674
[ 30  44  52 152  48  48  66 148  80  76]
0.5191331469859533
[ 30  84  52 152  48  48 114 204  80  76]
0.5173701635660801
[ 66  68  52 152  48  48  70 140  80  76]
0.8367922616964241
[ 38  48  52 152  48  48  86 224  80  76]
0.3653831311535809
[ 94  80  52 152  48  48  86 332  80  76]
1.469355331774663
[ 94  72  52 152  48  48 126 272  80  76]
0.4014751135280281
[134  84  52 152  48  48  30 216  80  76]
0.5519802080932978
[122  60  52 152  48  48  54 124  80  76]
0.0
[ 86  96  52 152  48  48 114 244  80  76]
0.38899289673797677
[ 62  84  52 152  48  48 122 240  80  76]
0.44302066807713714
[ 54  88  52 152  48  48 114 252  80  76]
0.47447411943670414
[150  68  52 152  48  48 118 308  80  76]
0.5087776742917123
[ 38  80  52 152  48  48  38 132  80  76]
0.9368773718257217
[ 98  60  52 152  48  48  82  64  80  76]
0.0
[ 34  40  52 152  48  48  74 200  80  76]
0.3312145917451552
[138  72  52 152  48  48 150 336  80  76]
0.4121263988984254
[122  76  52 152  48  48  98 272  80  76]
0.4382743703958045
[118 100  52 152  48  48 142 248  80  76]
0.41808274465329975
[130  92  52 152  48  48 130 328  80  76]
0.43701868133854127
[ 46  44  52 152  48  48  58 200  80  76]
0.42624918028808323
[ 58  72  52 152  48  48  78  60  80  76]
0.0
[158  44  52 152  48  48  30  80  80  76]
0.0
[110  64  52 152  48  48 138  92  80  76]
0.0
[134  64  52 152  48  48  62 220  80  76]
0.518550937814215
[154  96  52 152  48  48 106 180  80  76]
0.7741710536719904
[ 94  44  52 152  48  48  74  72  80  76]
0.0
[ 74  56  52 152  48  48 110 260  80  76]
0.3957915218504
[ 30  56  52 152  48  48  54  96  80  76]
0.0
[ 90  52  52 152  48  48 134 292  80  76]
0.447393619864757
[ 42  88  52 152  48  48  98 268  80  76]
0.5105796493189996
[146  80  52 152  48  48  90 312  80  76]
0.8081058007576833
[142  44  52 152  48  48  30 244  80  76]
0.33225274975680463
[106  72  52 152  48  48 126 232  80  76]
0.3609162429116253
[ 78  92  52 152  48  48  78 128  80  76]
0.9735999653422562
[126  64  52 152  48  48  62 128  80  76]
0.0
[ 66  76  52 152  48  48 146 312  80  76]
0.5796012950527825
[ 70 100  52 152  48  48  70 312  80  76]
1.607657704349089
[ 82  40  52 152  48  48 114 240  80  76]
0.3127949447507916
[ 50  92  52 152  48  48 130 296  80  76]
0.6105485635111512
[102  40  52 152  48  48 130 108  80  76]
0.8789515487125623
[114  72  52 152  48  48  62 248  80  76]
0.4227196482702724
[ 70  84  52 152  48  48  62  60  80  76]
0.0
[ 78  52  52 152  48  48 114 140  80  76]
0.6097875435336837
[ 38  96  52 152  48  48 102 336  80  76]
0.8698040991522542
[102  64  52 152  48  48 118 248  80  76]
0.36488735293360586
[146  92  52 152  48  48  38 340  80  76]
0.3734951803571751
[154  64  52 152  48  48  98  80  80  76]
0.0
[ 50  72  52 152  48  48  98 320  80  76]
0.9372002639841694
[ 66  44  52 152  48  48  78 248  80  76]
0.35189299600326307
[134  44  52 152  48  48  42 268  80  76]
0.2828420453489682
[ 42  80  52 152  48  48  46 280  80  76]
0.44036004205155965
[150  56  52 152  48  48  38 256  80  76]
0.30935673981025724
[ 54 100  52 152  48  48  30 244  80  76]
0.46001543661694444
[ 90 100  52 152  48  48 146 180  80  76]
0.4550366600030966
[ 62  88  52 152  48  48 134 176  80  76]
0.44679631394833375
[122  72  52 152  48  48 142 308  80  76]
0.407366096543029
[130  60  52 152  48  48 142 140  80  76]
0.7902025763190252
[ 46  68  52 152  48  48  86  76  80  76]
0.0
[114  96  52 152  48  48  30 160  80  76]
0.756247438081517
[118  76  52 152  48  48 146 328  80  76]
0.39474199365479756
[138  88  52 152  48  48 126  76  80  76]
0.0
[ 74  88  52 152  48  48 146 260  80  76]
0.5342952148098559
[ 86  68  52 152  48  48  78 244  80  76]
0.3988209456802152
[106 100  52 152  48  48 138 128  80  76]
0.6915041876947099
[142  48  52 152  48  48  38 224  80  76]
0.4803917584243196
[ 34  96  52 152  48  48  50  40  80  76]
0.0
[ 82  52  52 152  48  48  86  80  80  76]
0.0
[ 38  68  52 152  48  48 142  80  80  76]
0.3692918152411502
[ 98  48  52 152  48  48 126 316  80  76]
0.4202275316364308
[ 58 100  52 152  48  48  50 180  80  76]
0.6638708892780623
[158  80  52 152  48  48  46  84  80  76]
0.0
[110  56  52 152  48  48 134 100  80  76]
0.0
[ 94  92  52 152  48  48  46 236  80  76]
0.4418070798042617
[ 30  56  52 152  48  48  30 328  80  76]
1.0812461242578824
[126  68  52 152  48  48 106 312  80  76]
0.5684038291767326
[ 70  76  52 152  48  48  54  88  80  76]
0.0
[ 78  56  52 152  48  48 114 256  80  76]
0.3878547572329931
[ 50  48  52 152  48  48 126  64  80  76]
0.8281962898578432
[102  72  52 152  48  48  70 148  80  76]
0.9623303071219658
[130  52  52 152  48  48  86 332  80  76]
1.2356760751761953
[146  80  52 152  48  48  90 212  80  76]
0.5406960742148497
[114  80  52 152  48  48  42 340  80  76]
0.45880837144517184
[ 30  72  52 152  48  48  74  92  80  76]
1.072620509466471
[106  76  52 152  48  48 146  76  80  76]
0.0
[ 42  48  52 152  48  48  54 336  80  76]
0.4060779133567598
[ 54  80  52 152  48  48  42 192  80  76]
0.6035135352642573
[ 66  76  52 152  48  48  70  44  80  76]
0.0
[ 74  72  52 152  48  48 102 240  80  76]
0.35424164580468864
[ 90  48  52 152  48  48 110 316  80  76]
0.4974261740871859
[ 62  40  52 152  48  48 118 156  80  76]
0.409357439077469
[130  56  52 152  48  48  94 284  80  76]
0.5072246233729749
[122  48  52 152  48  48 126 180  80  76]
0.5526115137697711
[ 50  80  52 152  48  48  82 280  80  76]
0.45666651073006115
[150  60  52 152  48  48 134 120  80  76]
1.4436097690901255
[118  92  52 152  48  48  86 256  80  76]
0.4295145523366348
[142  52  52 152  48  48 114 192  80  76]
0.6638050705454175
[134  84  52 152  48  48  50 196  80  76]
0.7112363339700902
[ 86  60  52 152  48  48 122 276  80  76]
0.43532984404715824
[154  60  52 152  48  48 110  92  80  76]
0.0
[150  44  52 152  48  48  34 140  80  76]
0.29365438827554513
[102  96  52 152  48  48  78 216  80  76]
0.49387244443707123
[ 38  84  52 152  48  48  42  76  80  76]
0.0
[ 58  56  52 152  48  48  74 112  80  76]
1.256243491282433
[ 30  76  52 152  48  48 122  56  80  76]
0.0
[126  64  52 152  48  48 102 264  80  76]
0.4305445620104795
[ 78  76  52 152  48  48  62  48  80  76]
0.0
[ 58  44  52 152  48  48 130 260  80  76]
0.5441232492302026
[ 94 100  52 152  48  48 102 308  80  76]
0.5899238301828515
[ 46  64  52 152  48  48 110  88  80  76]
0.6141909931283238
[ 98  92  52 152  48  48  70 256  80  76]
0.43053935216437567
[138  60  52 152  48  48  42  60  80  76]
0.0
[146  88  52 152  48  48 146 184  80  76]
0.5831935694948722
[ 34  52  52 152  48  48 106 144  80  76]
0.5127337838628816
[ 82  40  52 152  48  48 146 128  80  76]
0.4813215154626975
[114  64  52 152  48  48 102 236  80  76]
0.4115005752168037
[ 70  60  52 152  48  48  78  48  80  76]
0.0
[ 54  68  52 152  48  48  86 140  80  76]
0.6310575777264484
[130  76  52 152  48  48 102  96  80  76]
0.0
[134  52  52 152  48  48  62 224  80  76]
0.49218606671933207
[142 100  52 152  48  48  34 300  80  76]
0.08414871841163318
[ 50  88  52 152  48  48 134 148  80  76]
0.4737451073151737
[ 90  80  52 152  48  48 102 268  80  76]
0.3890906252513382
[122  56  52 152  48  48  98 292  80  76]
0.5766347066292801
[ 42  96  52 152  48  48  98  68  80  76]
0.7612997361541955
[102  52  52 152  48  48  46 240  80  76]
0.43916154684467057
[ 62  92  52 152  48  48  66 116  80  76]
1.1704053115046713
[ 74  76  52 152  48  48  30 308  80  76]
0.8811482788835088
[118  48  52 152  48  48 114  60  80  76]
0.0
[ 86  40  52 152  48  48 122 192  80  76]
0.3537637865209178
[150  88  52 152  48  48 130  48  80  76]
0.0
[158  96  52 152  48  48 146 180  80  76]
0.6622744759247035
[110  48  52 152  48  48 138 324  80  76]
0.39908790517273185
[ 62  56  52 152  48  48  50 116  80  76]
1.5571719022762305
[ 62  96  52 152  48  48 114  60  80  76]
0.0
[ 58  52  52 152  48  48 138  44  80  76]
0.0
[106  48  52 152  48  48  66 132  80  76]
1.2254733695208975
[ 46  52  52 152  48  48  70 248  80  76]
0.36080656856560855
[ 94  48  52 152  48  48 110 284  80  76]
0.46043866914889575
[146  96  52 152  48  48 122 332  80  76]
0.496995435025422
[126  60  52 152  48  48 110 172  80  76]
0.7161426411824883
[106  44  52 152  48  48  74  44  80  76]
0.0
[ 66  40  52 152  48  48 122 252  80  76]
0.4008538475110408
[ 38  64  52 152  48  48  66 312  80  76]
1.8829704346776395
[ 38  48  52 152  48  48 118 116  80  76]
0.5779556425605337
[ 54  64  52 152  48  48  78 308  80  76]
1.336734352278751
[ 74  48  52 152  48  48 106 328  80  76]
0.579061799696954
[ 30  44  52 152  48  48 142 324  80  76]
0.4716608630407735
[ 54  92  52 152  48  48 130 220  80  76]
0.5011134449600037
[ 42  40  52 152  48  48 122 208  80  76]
0.47768277226788225
[ 98  64  52 152  48  48 130 252  80  76]
0.3685798668836602
[ 34  84  52 152  48  48  38 160  80  76]
0.6358228208799597
[114  48  52 152  48  48 106 192  80  76]
0.5658955414021201
[ 82  44  52 152  48  48  70  84  80  76]
0.0
[134  48  52 152  48  48 102 204  80  76]
0.5639439554983776
[154  44  52 152  48  48 146 224  80  76]
0.4070623168627956
[ 50  40  52 152  48  48 146 212  80  76]
0.6086244812725268
[122  60  52 152  48  48  78 216  80  76]
0.5180960638076368
[ 78  68  52 152  48  48 122 136  80  76]
0.594870253223363
[ 38  92  52 152  48  48  42 276  80  76]
0.44427387929423023
[158  84  52 152  48  48 126 272  80  76]
0.4128970839128181
[102  76  52 152  48  48  38 160  80  76]
0.8645232127149325
[ 90  60  52 152  48  48  30 112  80  76]
0.0
[126  72  52 152  48  48  86 112  80  76]
0.0
[130  68  52 152  48  48 134 132  80  76]
0.9449755781510341
[ 70  40  52 152  48  48  50  88  80  76]
0.0
[146  64  52 152  48  48  58 188  80  76]
0.7516740929243599
[ 86  84  52 152  48  48 146 292  80  76]
0.46604316143950864
[142  88  52 152  48  48 110 260  80  76]
0.4243379486902805
[ 74  64  52 152  48  48 142 216  80  76]
0.4556483684518422
[ 62  64  52 152  48  48  78 308  80  76]
1.2569362120033487
[138  56  52 152  48  48 150 152  80  76]
0.6812320617883789
[ 54  48  52 152  48  48  98  84  80  76]
0.0
[110  96  52 152  48  48  30 148  80  76]
0.7994615529612781
[102  68  52 152  48  48  94 324  80  76]
0.8148056955132605
[ 94  64  52 152  48  48 130 324  80  76]
0.43024752630311114
[ 34  44  52 152  48  48  70 192  80  76]
0.3837048245264276
[ 62  48  52 152  48  48  34  40  80  76]
0.0
[130  88  52 152  48  48  86 200  80  76]
0.6406114527025222
[ 50  68  52 152  48  48  46 224  80  76]
0.4140078979483002
[ 30  92  52 152  48  48  30 180  80  76]
0.5969416506566387
[114  40  52 152  48  48  98 296  80  76]
0.5947955942518126
[ 42  92  52 152  48  48 126 152  80  76]
0.4693876017203231
[ 46  96  52 152  48  48  50 292  80  76]
0.5715027074375938
[134  92  52 152  48  48  82 244  80  76]
0.42899848462584034
[ 78  80  52 152  48  48  38 100  80  76]
0.0
[150  76  52 152  48  48  46 264  80  76]
0.296514173204774
[ 38  80  52 152  48  48  66  56  80  76]
0.0
[ 66  88  52 152  48  48  30 308  80  76]
0.9400935243484467
[122  64  52 152  48  48  46 316  80  76]
0.7461855509063073
[ 58  40  52 152  48  48  30 168  80  76]
0.7002724116485941
[118  56  52 152  48  48  98 264  80  76]
0.43606243502273023
[ 98  84  52 152  48  48  62 224  80  76]
0.4559715362049799
[110  64  52 152  48  48 130 172  80  76]
0.530034958473782
[146  48  52 152  48  48  62 296  80  76]
0.32403375974430926
[102  48  52 152  48  48 130  44  80  76]
0.0
[154  84  52 152  48  48 134 304  80  76]
0.45844331440054
[106  68  52 152  48  48  78  76  80  76]
0.0
[ 66  84  52 152  48  48 134 112  80  76]
0.5926141719440225
[138  40  52 152  48  48 130  88  80  76]
0.0
[158 100  52 152  48  48  62 328  80  76]
0.4278922207230278
[130  48  52 152  48  48 134 304  80  76]
0.42401512777978834
[122  44  52 152  48  48  34 288  80  76]
0.2681913539247802
[ 30  84  52 152  48  48  74 308  80  76]
2.9783670186252467
[ 30  68  52 152  48  48 146 260  80  76]
0.5190833077820132
[ 30  60  52 152  48  48  74 208  80  76]
0.38167950426245456
[ 30  88  52 152  48  48  62 204  80  76]
0.4017886855057544
[114  52  52 152  48  48  78  40  80  76]
0.0
[ 86  64  52 152  48  48 138 128  80  76]
0.6164096836141881
[ 74  44  52 152  48  48 130  80  80  76]
0.9308946593766061
[ 58  60  52 152  48  48  70 216  80  76]
0.4038306211509497
[142  60  52 152  48  48 142 120  80  76]
1.2740031319209066
[142  64  52 152  48  48  62 236  80  76]
0.44075571145195336
[ 50  92  52 152  48  48 110 100  80  76]
0.697116647955706
[ 46  56  52 152  48  48 118 188  80  76]
0.4749798814495867
[ 42  44  52 152  48  48  62 284  80  76]
0.44827332283706744
[ 94  88  52 152  48  48 102  56  80  76]
0.0
[134  60  52 152  48  48 102  96  80  76]
0.0
[ 34  72  52 152  48  48 110 108  80  76]
0.6215525376015545
[ 82  84  52 152  48  48  58 288  80  76]
0.5160270313611688
[ 74  68  52 152  48  48  58 148  80  76]
0.8932126220468513
[ 90  84  52 152  48  48  62 136  80  76]
1.0502923022918158
[ 62  52  52 152  48  48  74 176  80  76]
0.5435311100105658
[ 66 100  52 152  48  48  62 328  80  76]
1.327190788403814
[ 66  72  52 152  48  48  38  60  80  76]
0.0
[150  48  52 152  48  48  62 112  80  76]
0.0
[ 54  84  52 152  48  48 110 240  80  76]
0.4202391580010474
[ 90  44  52 152  48  48  46  68  80  76]
0.0
[110  92  52 152  48  48 142  80  80  76]
0.0
[126  48  52 152  48  48  30 224  80  76]
0.48282757498460294
[118 100  52 152  48  48 146  60  80  76]
0.0
[ 98  88  52 152  48  48  74 312  80  76]
1.2988032895855746
[ 98 100  52 152  48  48  78 116  80  76]
0.0
[ 38  72  52 152  48  48  82 256  80  76]
0.4025350726831709
[146  56  52 152  48  48 102  88  80  76]
0.0
[154  48  52 152  48  48  98 216  80  76]
0.5110689332056126
[ 30  48  52 152  48  48 134  96  80  76]
0.6294246247806643
[ 50 100  52 152  48  48  42 132  80  76]
0.9918079306792627
[ 74  40  52 152  48  48  86  80  80  76]
0.0
[ 70  48  52 152  48  48  50 284  80  76]
0.49165576596994387
[130  96  52 152  48  48  42  80  80  76]
0.0
[ 86 100  52 152  48  48 138 132  80  76]
0.5475845117189873
[142  80  52 152  48  48  46 252  80  76]
0.3628626986446968
[158  60  52 152  48  48  70  52  80  76]
0.0
[ 78  72  52 152  48  48  62 212  80  76]
0.4778990033167747
[ 50  84  52 152  48  48 110 324  80  76]
0.6552958733910836
[102 100  52 152  48  48 134 124  80  76]
0.7267735355818441
[ 34  76  52 152  48  48 122  72  80  76]
1.2985957265944577
[ 34  40  52 152  48  48  30 192  80  76]
0.4904868753817513
[ 58  68  52 152  48  48 102 260  80  76]
0.41572690254731515
[ 46  48  52 152  48  48 126 280  80  76]
0.5952470447178015
[ 42  76  52 152  48  48 130 128  80  76]
0.5229177129422709
[122  76  52 152  48  48  54  48  80  76]
0.0
[ 62  84  52 152  48  48  66 224  80  76]
0.397200930190883
[ 82  68  52 152  48  48 146 268  80  76]
0.5101544196842647
[ 30  40  52 152  48  48 102 128  80  76]
0.47670345316678464
[106  64  52 152  48  48 126  48  80  76]
0.0
[ 54  52  52 152  48  48 126 208  80  76]
0.47287333238274654
[102  92  52 152  48  48 150  84  80  76]
0.0
[126  52  52 152  48  48  62 300  80  76]
0.549374267817214
[ 50  56  52 152  48  48  74 252  80  76]
0.3679783158863086
[ 38  52  52 152  48  48 138 224  80  76]
0.6803984383554484
[114  68  52 152  48  48 110  68  80  76]
0.0
[154  96  52 152  48  48  74 204  80  76]
0.6638129711627769
[ 86  96  52 152  48  48  62  48  80  76]
0.0
[ 34  48  52 152  48  48  74 308  80  76]
2.7523499047643485
[ 34  80  52 152  48  48  54 336  80  76]
0.5094958630046682
[ 34 100  52 152  48  48 134 292  80  76]
0.627038373612224
[ 34  64  52 152  48  48  74 252  80  76]
0.3838968203283408
[ 70  44  52 152  48  48 150 136  80  76]
0.49377465381331453
[138  96  52 152  48  48  82 172  80  76]
0.8073755565497165
[ 66  68  52 152  48  48 150 200  80  76]
0.5308997506212674
[ 78  40  52 152  48  48  94 312  80  76]
0.8741897344372038
[ 46  60  52 152  48  48  90 280  80  76]
0.5147073076182813
[134 100  52 152  48  48  70 228  80  76]
0.4898952351641237
[142  72  52 152  48  48  58  40  80  76]
0.0
[ 98  52  52 152  48  48  74  68  80  76]
0.0
[ 42  72  52 152  48  48  94 184  80  76]
0.42878575703960364
[ 30  96  52 152  48  48  74 232  80  76]
0.39303784877600845
[ 94  56  52 152  48  48 150 160  80  76]
0.4843306378217198
[ 62 100  52 152  48  48 126 120  80  76]
0.5480473285146183
[138  52  52 152  48  48  58 228  80  76]
0.47702555068134167
[ 58  72  52 152  48  48 106 224  80  76]
0.3731683959797478
[ 34  68  52 152  48  48  78 192  80  76]
0.4163740779227345
[ 38  88  52 152  48  48  46  96  80  76]
0.0
[ 74  96  52 152  48  48 142 108  80  76]
0.5824860010424515
[ 78  64  52 152  48  48  58 336  80  76]
0.5400247856538498
[150  52  52 152  48  48 114  72  80  76]
0.0
[ 90  96  52 152  48  48  86 208  80  76]
0.505962472132339
[130  84  52 152  48  48 106 144  80  76]
0.9331920111534253
[ 82  64  52 152  48  48  98 328  80  76]
0.7307894028292226
[146  40  52 152  48  48  42 280  80  76]
0.15325667772771268
[154  40  52 152  48  48 150 296  80  76]
0.38640286122255363
[ 54  96  52 152  48  48  34 300  80  76]
0.7243014150570193
[126  88  52 152  48  48  30 320  80  76]
0.2581795891314447
[110  72  52 152  48  48 102 124  80  76]
1.1971596286692572
[110  84  52 152  48  48 110 200  80  76]
0.51416439133
[130  40  52 152  48  48 126 168  80  76]
0.5762684410196635
[ 50  76  52 152  48  48  50  76  80  76]
0.0
[118  80  52 152  48  48 134  84  80  76]
0.0
[ 66  56  52 152  48  48  54 320  80  76]
2.9730253348378
[ 66  48  52 152  48  48  62  72  80  76]
0.0
[ 66  52  52 152  48  48  94 220  80  76]
0.36680366489428473
[ 66  80  52 152  48  48 106 240  80  76]
0.3623975845507432
[ 70  88  52 152  48  48  38 160  80  76]
0.8138351516606843
[ 82  80  52 152  48  48  98 168  80  76]
0.543758775512337
[ 46 100  52 152  48  48 150 228  80  76]
0.7080668269501345
[ 62  72  52 152  48  48 146 116  80  76]
0.566493083062551
[122  80  52 152  48  48 114 128  80  76]
1.074752831167846
[122  96  52 152  48  48  94 304  80  76]
0.7985769024259215
[ 30  64  52 152  48  48  34 304  80  76]
0.8821965040179434
[ 54  40  52 152  48  48  86 120  80  76]
0.679203348061926
[134  80  52 152  48  48  66 180  80  76]
0.7797766352903601
[ 74 100  52 152  48  48  42 204  80  76]
0.6192799491040495
[ 34  92  52 152  48  48  90  44  80  76]
0.0
[158  68  52 152  48  48 150 336  80  76]
0.45191831117239234
[110  40  52 152  48  48  46 188  80  76]
0.7046368412504636
[102  84  52 152  48  48  62 140  80  76]
1.0229299916685963
[ 42  88  52 152  48  48  70  76  80  76]
0.0
[ 78  88  52 152  48  48  42 184  80  76]
0.7208416592443583
[ 70  96  52 152  48  48 130 264  80  76]
0.5394294215494728
[ 94  96  52 152  48  48  62 324  80  76]
2.1325997756859625
[ 94  72  52 152  48  48 114 252  80  76]
0.36260024966455084
[ 94  84  52 152  48  48 110 184  80  76]
0.5081948677029362
[102  80  52 152  48  48 130 124  80  76]
0.7797646989341707
[138 100  52 152  48  48  70  84  80  76]
0.0
[ 90  52  52 152  48  48  94 280  80  76]
0.44999715212035696
[ 58  84  52 152  48  48  46 224  80  76]
0.42568084726919153
[ 30 100  52 152  48  48  78 132  80  76]
0.5658728395452406
[ 94  80  52 152  48  48  94 308  80  76]
0.8044078894371949
[130  64  52 152  48  48 106 196  80  76]
0.6294138268002893
[122  88  52 152  48  48 142 308  80  76]
0.3991182113886995
[106  84  52 152  48  48  82 180  80  76]
0.6904872956044645
[134  56  52 152  48  48  54 212  80  76]
0.5889752395064707
[ 46  92  52 152  48  48  78 108  80  76]
0.9423762481392965
[114  56  52 152  48  48  90 224  80  76]
0.4625606076289479
[ 86  76  52 152  48  48 110 332  80  76]
0.49578640140354513
[154  76  52 152  48  48 150 272  80  76]
0.4360498350992219
[ 54  60  52 152  48  48 102 156  80  76]
0.5032020923928013
[ 46  88  52 152  48  48  82 176  80  76]
0.4567175186435666
[102  40  52 152  48  48 146 152  80  76]
0.43339922482770676
[ 62  76  52 152  48  48  82 120  80  76]
0.9378158524782152
[110  80  52 152  48  48 130 104  80  76]
1.3290569234278378
[110  68  52 152  48  48  86 156  80  76]
0.8568403090281316
[110  88  52 152  48  48  70 264  80  76]
0.4274606481617609
[ 78  48  52 152  48  48  86  56  80  76]
0.0
[ 66  64  52 152  48  48 146 176  80  76]
0.49448676652521506
[ 74  56  52 152  48  48  82  84  80  76]
0.0
[ 94  76  52 152  48  48 138 220  80  76]
0.3627080509780689
[ 82  72  52 152  48  48 114 240  80  76]
0.35598687182806477
[ 38  60  52 152  48  48  70 136  80  76]
0.6764063950789125
[142  76  52 152  48  48 114 168  80  76]
0.7637539945377421
[146  72  52 152  48  48  46 248  80  76]
0.37410861531652806
[ 62  80  52 152  48  48 150  92  80  76]
0.5206095630725183
[126  44  52 152  48  48  38 220  80  76]
0.4886769286721804
[ 30  80  52 152  48  48  42 328  80  76]
2.124100711094343
[ 30  52  52 152  48  48  50 148  80  76]
0.6490636830268341
[ 30  84  52 152  48  48  46 252  80  76]
0.3669377295100893
[130  72  52 152  48  48 114 340  80  76]
0.5058512298703899
[ 98  44  52 152  48  48 134 248  80  76]
0.3476511198534553
[106  52  52 152  48  48 106 236  80  76]
0.39331151596582203
[ 70  64  52 152  48  48  42 336  80  76]
0.5710488146543153
[ 50  44  52 152  48  48 118  64  80  76]
0.8942107608908694
[158  92  52 152  48  48 114 236  80  76]
0.4414563159167424
[134  68  52 152  48  48  46  84  80  76]
0.0
[150  72  52 152  48  48  78 200  80  76]
0.6887288024891183
[142  84  52 152  48  48  54 164  80  76]
0.7154365217201857
[ 30  80  52 152  48  48 134 272  80  76]
0.5524639906754742
[ 90  64  52 152  48  48 146 208  80  76]
0.3954027687782333
[ 50  64  52 152  48  48 106 160  80  76]
0.47618018950579066
[ 58  92  52 152  48  48  70 288  80  76]
0.5117942928564603
[ 38 100  52 152  48  48  34 188  80  76]
0.6362872429381696
[122  92  52 152  48  48  42 172  80  76]
0.7579623881260045
[ 34  60  52 152  48  48  42  60  80  76]
0.0
[ 54  76  52 152  48  48 118 180  80  76]
0.4389077483497912
[ 66  96  52 152  48  48  62 116  80  76]
1.263486854082943
[ 66  60  52 152  48  48  70 332  80  76]
2.0675794514556074
[ 66  92  52 152  48  48 102 200  80  76]
0.41667823539605964
[ 66  56  52 152  48  48  54 132  80  76]
1.1415477946802024
[ 66  60  52 152  48  48  30 208  80  76]
0.5590873466678663
[ 86  56  52 152  48  48  70  72  80  76]
0.0
[110  76  52 152  48  48 118 296  80  76]
0.44871821877329165
[114  44  52 152  48  48 114 216  80  76]
0.4045016596274471
[102  60  52 152  48  48 134  76  80  76]
0.0
[ 46  80  52 152  48  48  30 300  80  76]
0.6898380839188529
[154  92  52 152  48  48  54 324  80  76]
0.24412597986164108
[ 62  44  52 152  48  48 106 204  80  76]
0.3487118318457656
[ 66  56  52 152  48  48 150 184  80  76]
0.5251880790313721
[ 94  52  52 152  48  48 138 104  80  76]
0.9422343199583936
[130 100  52 152  48  48 150 132  80  76]
0.7524967503618925
[142  92  52 152  48  48  42 252  80  76]
0.369215884942262
[150  68  52 152  48  48  54 208  80  76]
0.6246424928814722
[ 70  52  52 152  48  48  70 248  80  76]
0.39107881514117393
[122 100  52 152  48  48  62 136  80  76]
0.9979964818538185
[118  60  52 152  48  48 110 332  80  76]
0.5316928937561647
[ 30  56  52 152  48  48 114 232  80  76]
0.6026497228803325
[122  84  52 152  48  48  74 288  80  76]
0.49363229559536315
[126  56  52 152  48  48  38 324  80  76]
0.6048758148090618
[ 42  56  52 152  48  48 146 216  80  76]
0.7235961149099186
[ 94  40  52 152  48  48 106  56  80  76]
0.0
[ 38  76  52 152  48  48 106 132  80  76]
0.5215891507408867
[ 82  88  52 152  48  48 150 308  80  76]
0.5034849803060455
[146  52  52 152  48  48 146  92  80  76]
0.0
[ 46  40  52 152  48  48 130 108  80  76]
0.552643256195072
[ 50  96  52 152  48  48  50 340  80  76]
0.5009929335203063
[106  40  52 152  48  48  46 168  80  76]
0.777295220020014
[ 58  80  52 152  48  48  90 128  80  76]
0.7022970785472518
[130  92  52 152  48  48 134 184  80  76]
0.5729532636136518
[ 98  76  52 152  48  48  46 196  80  76]
0.6902202240020687
[158  48  52 152  48  48 126 140  80  76]
1.1083804141855393
[158  44  52 152  48  48  62  88  80  76]
0.0
[ 66 100  52 152  48  48 106 196  80  76]
0.45426022395792964
[138  84  52 152  48  48  42 300  80  76]
0.2032964820722747
[ 74  80  52 152  48  48  94 148  80  76]
0.62194835871213
[ 54  44  52 152  48  48  86 204  80  76]
0.3570544067553034
[ 42  64  52 152  48  48 126 216  80  76]
0.5742801621738762
[110  44  52 152  48  48 126 152  80  76]
0.6048312597099945
[ 78  44  52 152  48  48  50 200  80  76]
0.5734820229362638
[ 30  72  52 152  48  48  58 156  80  76]
0.5499932271402228
[ 90  88  52 152  48  48 150 268  80  76]
0.4586835757659078
[150  40  52 152  48  48  50 128  80  76]
0.355406557297965
[106  56  52 152  48  48 118 232  80  76]
0.3797316888052209
[ 62  68  52 152  48  48  34 260  80  76]
0.42469596364348283
[126  92  52 152  48  48  42 100  80  76]
0.0
[114  84  52 152  48  48  46 224  80  76]
0.4816534864733155
[122  68  52 152  48  48  46 208  80  76]
0.6153886222123586
[ 58  48  52 152  48  48 110 264  80  76]
0.45158220566640006
[118  84  52 152  48  48  70 148  80  76]
0.9476256536156684
[118  40  52 152  48  48 106 308  80  76]
0.5254097945095684
[ 38  40  52 152  48  48 126 140  80  76]
0.475735644635219
[ 98  40  52 152  48  48  42 240  80  76]
0.38654368156494145
[ 34  88  52 152  48  48 134 184  80  76]
0.5649252621013767
[142  56  52 152  48  48 130 172  80  76]
0.6955700984634103
[ 46  84  52 152  48  48 118 228  80  76]
0.49129971080201007
[130  80  52 152  48  48  78 304  80  76]
0.6893533162494858
[ 70  92  52 152  48  48 106 100  80  76]
1.0349538836993766
[ 70  72  52 152  48  48  34 168  80  76]
0.804570443028882
[ 82  92  52 152  48  48  70 248  80  76]
0.4179789383985597
[ 50  60  52 152  48  48  86 304  80  76]
2.1868011390547455
[ 50  52  52 152  48  48 102 188  80  76]
0.4237442240822207
[ 50  60  52 152  48  48 146 252  80  76]
0.6333363691673732
[ 50 100  52 152  48  48  34 196  80  76]
0.6509792421540033
[ 66  96  52 152  48  48 134 324  80  76]
0.5551723807095226
[ 74  60  52 152  48  48  98 200  80  76]
0.43077395954035613
[134  88  52 152  48  48 146 104  80  76]
0.0
[ 30  84  52 152  48  48 102 208  80  76]
0.44594857238868113
[110  52  52 152  48  48  62 308  80  76]
0.8832701831636922
[154  88  52 152  48  48 102 212  80  76]
0.5374151181658562
[102  56  52 152  48  48 150  88  80  76]
0.0
[ 42 100  52 152  48  48 130  88  80  76]
0.328391208461873
[ 70  56  52 152  48  48 138  92  80  76]
0.7455536551479018
[ 78  96  52 152  48  48  30 148  80  76]
0.9439766748765188
[ 78  60  52 152  48  48  38 156  80  76]
0.9511057601350557
[110  60  52 152  48  48 138 280  80  76]
0.41627646019001685
[ 78 100  52 152  48  48  30 204  80  76]
0.6403462045313186
[122  52  52 152  48  48  50 148  80  76]
0.9126318774562296
[ 50  72  52 152  48  48 114 244  80  76]
0.4774714957026931
[142  68  52 152  48  48 142 304  80  76]
0.43885445179894655
[ 54  88  52 152  48  48 118 320  80  76]
0.5958613407799862
[130  44  52 152  48  48  94 112  80  76]
0.0
[ 90  72  52 152  48  48  54 332  80  76]
0.8990509490369338
[ 86  80  52 152  48  48 126  80  80  76]
0.0
[ 62  60  52 152  48  48  34 228  80  76]
0.45686341702224076
[118  44  52 152  48  48 150  80  80  76]
0.0
[122  40  52 152  48  48  66 236  80  76]
0.39791284057451914
[ 94  68  52 152  48  48 114 124  80  76]
0.901984826260793
[ 90  76  52 152  48  48  98 224  80  76]
0.38668545344333216
[ 34  56  52 152  48  48 118 160  80  76]
0.5224654252807861
[ 66  88  52 152  48  48  34  60  80  76]
0.0
[ 70  68  52 152  48  48 102 296  80  76]
0.6839115493683847
[ 38  44  52 152  48  48  74 296  80  76]
0.6830482372618432
[114  92  52 152  48  48 134  52  80  76]
0.0
[ 58  96  52 152  48  48  30 172  80  76]
0.7441707792257719
[ 94  44  52 152  48  48  54 184  80  76]
0.7244418261031067
[150  92  52 152  48  48 150 168  80  76]
0.624656500953064
[106  72  52 152  48  48  70  84  80  76]
0.0
[ 46  72  52 152  48  48  66 180  80  76]
0.5020289980611696
[ 30  64  52 152  48  48  90  44  80  76]
0.0
[ 78  92  52 152  48  48  90 164  80  76]
0.5797558755895371
[154  72  52 152  48  48  30  60  80  76]
0.0
[158  88  52 152  48  48  90 264  80  76]
0.38880554055416616
[ 74  84  52 152  48  48  42 196  80  76]
0.6460399965748385
[146  84  52 152  48  48 110 196  80  76]
0.6557528848311294
[ 98  80  52 152  48  48 106 160  80  76]
0.617867730499913
[ 82  76  52 152  48  48 130 264  80  76]
0.43894097542282173
[138  64  52 152  48  48  42 324  80  76]
0.34743394018515517
[ 54  72  52 152  48  48  90 172  80  76]
0.46869387284849884
[ 58  88  52 152  48  48  46 248  80  76]
0.40790225205948305
[ 70 100  52 152  48  48  34 172  80  76]
0.7857705167853997
[ 50  44  52 152  48  48  90 176  80  76]
0.41568014541052345
[ 38  56  52 152  48  48  90 312  80  76]
2.9405633348974582
[ 38  56  52 152  48  48 150 316  80  76]
0.5727996837433458
[ 38  64  52 152  48  48 134  72  80  76]
1.411113155809958
[ 38  56  52 152  48  48  54 212  80  76]
0.4065125858597074
[ 38  64  52 152  48  48 126 312  80  76]
0.6037025181904845
[ 38  96  52 152  48  48 118 152  80  76]
0.4641038823734751
[ 38  44  52 152  48  48 130 264  80  76]
0.6051415324015108
[ 94  60  52 152  48  48 118 336  80  76]
0.4614619214748772
[110 100  52 152  48  48 114 216  80  76]
0.4699020571954846
[ 34  48  52 152  48  48  50 248  80  76]
0.35848074534164875
[ 42  52  52 152  48  48 114  44  80  76]
0.0
[ 62  56  52 152  48  48 110  44  80  76]
0.0
[150 100  52 152  48  48 114 176  80  76]
0.7737302430275974
[142  96  52 152  48  48  38 188  80  76]
0.636023456044968
[ 70  80  52 152  48  48  42 176  80  76]
0.7198574669355322
[122  80  52 152  48  48  98  88  80  76]
0.0
[ 38  52  52 152  48  48  90 164  80  76]
0.46698459439184714
[ 74  52  52 152  48  48  66 164  80  76]
0.712705256442681
[146 100  52 152  48  48 106 132  80  76]
1.1164833357118318
[146  76  52 152  48  48  98 136  80  76]
1.0753249510045517
[146  44  52 152  48  48  66 260  80  76]
0.33885005689222325
[ 46  44  52 152  48  48  78 104  80  76]
1.008371457806624
[ 46  76  52 152  48  48  46 112  80  76]
0.0
[ 78  84  52 152  48  48  46 104  80  76]
0.0
[ 98  68  52 152  48  48 114  44  80  76]
0.0
[126  76  52 152  48  48 114 312  80  76]
0.4922584958536651
[ 90  40  52 152  48  48  58 216  80  76]
0.4450569185023927
[150  84  52 152  48  48 130 200  80  76]
0.5814073106003013
[102  88  52 152  48  48  54 132  80  76]
1.0799933504924437
[102  44  52 152  48  48  62 192  80  76]
0.6745863258073272
[ 66  84  52 152  48  48 106 336  80  76]
0.6078712903571948
[ 70  92  52 152  48  48  30  96  80  76]
0.0
[ 54  56  52 152  48  48 114 316  80  76]
0.6272967874812025
[ 50  48  52 152  48  48  42  72  80  76]
0.0
[130  52  52 152  48  48 110 244  80  76]
0.42404976416369466
[142  44  52 152  48  48  54 244  80  76]
0.3607219913802433
[134  76  52 152  48  48 146 316  80  76]
0.4086610491864262
[ 74  92  52 152  48  48  38 224  80  76]
0.46560537843881344
[ 30  52  52 152  48  48 126 132  80  76]
0.5695922177340298
[ 94  96  52 152  48  48  30 228  80  76]
0.47665444925916645
[110  80  52 152  48  48 122  72  80  76]
0.0
[ 82  48  52 152  48  48 146 252  80  76]
0.4668499698740485
[ 58  76  52 152  48  48  34 292  80  76]
0.5557313866208258
[146  68  52 152  48  48  58 316  80  76]
0.42033282262044214
[102  88  52 152  48  48  50 236  80  76]
0.4363854660138804
[158  64  52 152  48  48 142 200  80  76]
0.5714095573858944
[ 38  60  52 152  48  48 130 288  80  76]
0.5959161571219338
[ 34  76  52 152  48  48  62 116  80  76]
0.9103135856914897
[ 66  60  52 152  48  48 134 312  80  76]
0.5639798936258829
[138  44  52 152  48  48  50  44  80  76]
0.0
[150  64  52 152  48  48  94 144  80  76]
1.0264166482705315
[150  80  52 152  48  48  38 252  80  76]
0.3445352003484956
[ 34  48  52 152  48  48  82  44  80  76]
0.0
[ 54  64  52 152  48  48  42  60  80  76]
0.0
[ 30  48  52 152  48  48  62 148  80  76]
0.5604997440773651
[126 100  52 152  48  48 110 140  80  76]
0.9417423846658941
[126  80  52 152  48  48 114 228  80  76]
0.4159081030531073
[ 86  52  52 152  48  48 106 268  80  76]
0.3914453851973285
[ 90  92  52 152  48  48  38 308  80  76]
0.8345897593458531
[118  52  52 152  48  48  74 324  80  76]
1.9346324188313315
[118  72  52 152  48  48 106 180  80  76]
0.6481883197614502
[118  96  52 152  48  48 118 232  80  76]
0.42497539811418283
[118  68  52 152  48  48  38 304  80  76]
0.4156438227491377
[114  76  52 152  48  48 114  96  80  76]
0.0
[ 38 100  52 152  48  48 110 280  80  76]
0.7429652981883899
[106  92  52 152  48  48  30  64  80  76]
0.0
[ 94  52  52 152  48  48 134 264  80  76]
0.3900907831030269
[ 90  68  52 152  48  48  78  84  80  76]
0.0
[ 58  64  52 152  48  48  82  64  80  76]
0.0
[ 74  44  52 152  48  48  78 160  80  76]
0.6284529776026311
[130  68  52 152  48  48 142 268  80  76]
0.41970911947675993
[158  72  52 152  48  48  38 308  80  76]
0.2692135476512263
[ 66  68  52 152  48  48  78  60  80  76]
0.0
[ 62  64  52 152  48  48 110 316  80  76]
0.6093889099032981
[154  68  52 152  48  48  58 100  80  76]
0.0
[102  84  52 152  48  48  74 100  80  76]
0.0
[122 100  52 152  48  48  46 136  80  76]
0.8650593955921311
[118  64  52 152  48  48  54 116  80  76]
0.0
[142  40  52 152  48  48 142 164  80  76]
0.5743047507495498
[ 82  56  52 152  48  48  98 288  80  76]
0.5110740436116057
[134  72  52 152  48  48  98 184  80  76]
0.7294085135977957
[ 38  48  52 152  48  48  86 164  80  76]
0.45078073552318676
[146  60  52 152  48  48 150 112  80  76]
1.474172446363415
[146  60  52 152  48  48  38 128  80  76]
0.0
[ 30  80  52 152  48  48  50  92  80  76]
0.0
[ 46  44  52 152  48  48  54 192  80  76]
0.4745733807500281
[122  52  52 152  48  48  74 324  80  76]
1.8216957145801294
[122  96  52 152  48  48 134 144  80  76]
0.6989399641509157
[122  92  52 152  48  48  66 288  80  76]
0.4807073253219125
[122  64  52 152  48  48 126 336  80  76]
0.4442627678507418
[ 42  60  52 152  48  48  90  68  80  76]
0.0
[ 78  60  52 152  48  48  78 336  80  76]
3.5834264325869447
[ 78  60  52 152  48  48 130  56  80  76]
0.0
[ 78  96  52 152  48  48  50 228  80  76]
0.4623483867403291
[ 78  40  52 152  48  48  82 340  80  76]
2.7919774289450134
[ 78  40  52 152  48  48  74 264  80  76]
0.373890761677824
[ 78  88  52 152  48  48  82  64  80  76]
0.0
[ 78 100  52 152  48  48  42 224  80  76]
0.49377552976974104
[ 78  52  52 152  48  48 138 220  80  76]
0.4206650102041818
[ 78  68  52 152  48  48  78 212  80  76]
0.4395603976754019
[ 50  92  52 152  48  48  62 176  80  76]
0.5487022235526768
[150  96  52 152  48  48 134  40  80  76]
0.0
[ 74  68  52 152  48  48  78 340  80  76]
3.333065903241423
[ 74  68  52 152  48  48 106 144  80  76]
0.6040445089730042
[ 74  76  52 152  48  48 110 272  80  76]
0.4266567324286823
[ 74  52  52 152  48  48  74 260  80  76]
0.39461864079744124
[ 74  84  52 152  48  48  82 120  80  76]
1.0511725050309253
[ 74  80  52 152  48  48  94 276  80  76]
0.41761851836384034
[ 74 100  52 152  48  48 102 276  80  76]
0.48204995604746426
[134  64  52 152  48  48 150  88  80  76]
0.0
[ 70  88  52 152  48  48 150 340  80  76]
0.5691368911681225
[ 62  92  52 152  48  48 126 120  80  76]
0.5524921864529206
[126  84  52 152  48  48  70 220  80  76]
0.49013735216645116
[ 98  56  52 152  48  48 122 296  80  76]
0.44676264887372086
[110  72  52 152  48  48  58  92  80  76]
0.0
[ 74  96  52 152  48  48  34  40  80  76]
0.0
[142  60  52 152  48  48  70 340  80  76]
2.20349128430062
[142  60  52 152  48  48 126  80  80  76]
0.0
[142  76  52 152  48  48 138 224  80  76]
0.40971058043027986
[ 78  92  52 152  48  48 130 184  80  76]
0.43079561304177294
[130  84  52 152  48  48  50 312  80  76]
0.5184359285588593
[ 94  68  52 152  48  48  50 168  80  76]
0.8391445984333008
[ 38  76  52 152  48  48 118 176  80  76]
0.4763108354855883
[ 86  72  52 152  48  48 134 156  80  76]
0.48567716058722277
[146 100  52 152  48  48  90 220  80  76]
0.5184236994964266
[ 82  60  52 152  48  48  58 172  80  76]
0.7560598555076419
[122  52  52 152  48  48  70 236  80  76]
0.4459938512168855
[ 50  60  52 152  48  48 134 168  80  76]
0.5148870026092063
[ 34  84  52 152  48  48  46 272  80  76]
0.40678870877729767
[ 94  80  52 152  48  48  54 268  80  76]
0.4294604320756401
[ 46  92  52 152  48  48 138  68  80  76]
0.7854387679626296
[142  84  52 152  48  48  50 212  80  76]
0.5838262760761004
[ 70  72  52 152  48  48  62 336  80  76]
0.5115017057832225
[ 62  76  52 152  48  48  90 192  80  76]
0.4440518955958934
[ 54  96  52 152  48  48  54 160  80  76]
0.6678444818504539
[ 66  64  52 152  48  48 130 208  80  76]
0.4239859124250551
[ 82  96  52 152  48  48 138 256  80  76]
0.4835154394790151
[ 46 100  52 152  48  48  54 340  80  76]
0.5354096617099691
[158  76  52 152  48  48  38 136  80  76]
0.40456481510571995
[126  96  52 152  48  48  54 316  80  76]
0.8390071236238068
[ 38  40  52 152  48  48 150 332  80  76]
0.4878188019613472
[ 30  92  52 152  48  48  94 100  80  76]
0.6630454302811313
[ 78  44  52 152  48  48  74 132  80  76]
0.986633533260445
[ 78  64  52 152  48  48  34 216  80  76]
0.5127900160833005
[130  60  52 152  48  48 142 320  80  76]
0.42734005483423876
[126  40  52 152  48  48  78 232  80  76]
0.4089670147098572
[146  76  52 152  48  48  90 336  80  76]
0.8137139557110822
[ 58  56  52 152  48  48  66  88  80  76]
0.0
[ 50  84  52 152  48  48  46 148  80  76]
0.7703328182702662
[102  72  52 152  48  48  94 136  80  76]
0.9772325602876053
[102  76  52 152  48  48  74 192  80  76]
0.6615694941915609
[ 98  96  52 152  48  48  82  68  80  76]
0.0
[ 54  40  52 152  48  48  54 304  80  76]
0.8325853442228226
[ 90  56  52 152  48  48  58 216  80  76]
0.5019593236075708
[122  68  52 152  48  48 146 196  80  76]
0.4432947669354501
[ 86  44  52 152  48  48 150 264  80  76]
0.48109198169509426
[142  56  52 152  48  48 142 220  80  76]
0.42413827452931385
[138  80  52 152  48  48  98 176  80  76]
0.7599649309600216
[114  88  52 152  48  48 146 216  80  76]
0.37182102585492927
[146  64  52 152  48  48 114  64  80  76]
0.0
[ 94  44  52 152  48  48  70 164  80  76]
0.7724556982126956
[ 54  68  52 152  48  48  74 252  80  76]
0.362569760038689
[ 34 100  52 152  48  48  54 296  80  76]
0.6849168453979351
[138  92  52 152  48  48  54 332  80  76]
0.5621720742440641
[106  88  52 152  48  48 102  88  80  76]
0.0
[ 30 100  52 152  48  48  74  56  80  76]
0.0
[ 70 100  52 152  48  48  50  96  80  76]
0.0
[118  88  52 152  48  48  62  60  80  76]
0.0
[ 50  40  52 152  48  48  98 160  80  76]
0.4056835676144681
[ 66  56  52 152  48  48  86 324  80  76]
2.1447888230179846
[ 66  56  52 152  48  48  78  60  80  76]
0.0
[ 66  92  52 152  48  48 134 208  80  76]
0.42695911154035726
[ 46  80  52 152  48  48  70 180  80  76]
0.48366757396125215
[ 62  72  52 152  48  48  66 160  80  76]
0.6534814046542028
[ 74  48  52 152  48  48  70 324  80  76]
1.9601733737381708
[ 74  68  52 152  48  48 146 112  80  76]
0.6255597082088353
[ 74  88  52 152  48  48  86 180  80  76]
0.5356757850728138
[ 74  48  52 152  48  48  54 268  80  76]
0.43067581345972283
[102  68  52 152  48  48  34 292  80  76]
0.4412350895118795
[ 82 100  52 152  48  48  94 324  80  76]
0.8550221458894547
[ 38  92  52 152  48  48  54  92  80  76]
0.0
[ 78  72  52 152  48  48  90 232  80  76]
0.37134696740632966
[ 94 100  52 152  48  48  66  88  80  76]
0.0
[154  56  52 152  48  48  50 224  80  76]
0.5068581018504033
[ 82 100  52 152  48  48  30 200  80  76]
0.6873508825358356
[150  60  52 152  48  48 134 232  80  76]
0.431312224172409
[ 42  84  52 152  48  48  58 272  80  76]
0.4050544343195761
[ 34  72  52 152  48  48  62 248  80  76]
0.3599201177875859
[110  52  52 152  48  48 102  76  80  76]
0.0
[130 100  52 152  48  48 106 260  80  76]
0.46872078363425884
[134  40  52 152  48  48  50 112  80  76]
0.0
[158  40  52 152  48  48 110  72  80  76]
0.0
[ 66  40  52 152  48  48 126  80  80  76]
0.783712897232963
[122  56  52 152  48  48 150 160  80  76]
0.5471866106412544
[ 90  84  52 152  48  48  46 104  80  76]
0.0
[ 62 100  52 152  48  48  58  52  80  76]
0.0
[126 100  52 152  48  48 150 280  80  76]
0.427936492199233
[ 74  92  52 152  48  48  62 316  80  76]
2.0810086590426464
[ 74  92  52 152  48  48 106 112  80  76]
0.8751328546894632
[ 74  64  52 152  48  48 118 152  80  76]
0.520263240505056
[ 74  60  52 152  48  48 110 284  80  76]
0.5148886737814617
[ 82  60  52 152  48  48 102 220  80  76]
0.38175917387013136
[138  72  52 152  48  48 106 312  80  76]
0.5698093772410464
[142  52  52 152  48  48 138  52  80  76]
0.0
[ 74  72  52 152  48  48  98  84  80  76]
0.0
[ 86  88  52 152  48  48  54 296  80  76]
0.609456117516266
[ 66  52  52 152  48  48  78 324  80  76]
2.664132023295367
[ 66  52  52 152  48  48 118 108  80  76]
0.7937128811034997
[ 66  80  52 152  48  48  86 112  80  76]
1.083284657536081
[ 66  44  52 152  48  48  94  68  80  76]
0.0
[ 66  52  52 152  48  48  50 144  80  76]
0.9730059750898787
[ 66  96  52 152  48  48  70 216  80  76]
0.44690729232950566
[ 50  96  52 152  48  48 138 312  80  76]
0.6231453828836655
[ 46  64  52 152  48  48  66 312  80  76]
1.8334981721804047
[ 46  48  52 152  48  48 118  80  80  76]
0.642888166745232
[ 46  96  52 152  48  48 142 228  80  76]
0.6644940378904456
[ 46  40  52 152  48  48 126 288  80  76]
0.5499490588628035
[ 66 100  52 152  48  48  98 272  80  76]
0.4672370166165227
[ 54  56  52 152  48  48 102 284  80  76]
0.5727836867944056
[ 78  60  52 152  48  48  66 112  80  76]
0.0
[ 46  60  52 152  48  48  94 204  80  76]
0.39056492521207997
[102  80  52 152  48  48  94 324  80  76]
0.7873576301826519
[114  72  52 152  48  48 106 192  80  76]
0.5884642131052849
[154  52  52 152  48  48  38 256  80  76]
0.2944582462926031
[122  48  52 152  48  48 114 108  80  76]
0.0
[150  64  52 152  48  48  78  84  80  76]
0.0
[102 100  52 152  48  48  38 312  80  76]
0.8802441638857057
[130  80  52 152  48  48  54 196  80  76]
0.7166539758477122
[ 86  92  52 152  48  48 102 168  80  76]
0.5481330138520406
[ 30  68  52 152  48  48  30 296  80  76]
0.6180428746386697
[102  44  52 152  48  48 146  84  80  76]
0.0
[ 50  64  52 152  48  48 106 188  80  76]
0.4297543857396997
[ 34  88  52 152  48  48 138 176  80  76]
0.5657652539969089
[138  76  52 152  48  48 114 224  80  76]
0.44349766020139825
[ 42  68  52 152  48  48  50 272  80  76]
0.4048443874850969
[ 38  72  52 152  48  48 146 224  80  76]
0.7133034477168023
[ 66  76  52 152  48  48  94 200  80  76]
0.4151338697567981
[ 58  96  52 152  48  48 142 260  80  76]
0.6083157240979553
[ 54  80  52 152  48  48  50 124  80  76]
1.1162812803089541
[ 54  88  52 152  48  48 122 240  80  76]
0.4944078688479443
[146  84  52 152  48  48  74  64  80  76]
0.0
[126  96  52 152  48  48  58 216  80  76]
0.5412891519073069
[130  88  52 152  48  48  38 108  80  76]
0.0
[ 70  56  52 152  48  48 138 144  80  76]
0.520469311942368
[114 100  52 152  48  48  54 324  80  76]
1.3416977280117126
[114  60  52 152  48  48  66 336  80  76]
0.9830486718810096
[114 100  52 152  48  48  98 108  80  76]
0.0
[ 82  64  52 152  48  48  74 116  80  76]
1.4702304023374126
[ 82  80  52 152  48  48  66 120  80  76]
1.3067444244584672
[ 82  84  52 152  48  48  66 172  80  76]
0.6817760425066044
[ 82  56  52 152  48  48  34 156  80  76]
0.973927336332634
[ 82  68  52 152  48  48  62 224  80  76]
0.44446739863837914
[ 82  88  52 152  48  48  86 324  80  76]
1.6459074446736222
[ 82  96  52 152  48  48 110 196  80  76]
0.4656541444874265
[ 82  40  52 152  48  48  82 216  80  76]
0.3809305125349729
[ 82  48  52 152  48  48 146 236  80  76]
0.4541603837340955
[ 38  68  52 152  48  48  82  60  80  76]
0.0
[ 94  96  52 152  48  48 106 232  80  76]
0.4070522523293141
[ 30  40  52 152  48  48 110 320  80  76]
0.5866661865746015
[ 74  84  52 152  48  48  66 300  80  76]
0.69649749812113
[ 98  72  52 152  48  48  62 112  80  76]
0.0
[ 46  72  52 152  48  48 110 124  80  76]
0.5758183226802229
[118  52  52 152  48  48 126 212  80  76]
0.4193272242573973
[ 54  60  52 152  48  48  46 240  80  76]
0.40525128662247667
[ 34  56  52 152  48  48 110 340  80  76]
0.6729113923562267
[ 86  48  52 152  48  48  30 180  80  76]
0.8104724997920627
[ 58  80  52 152  48  48  42 160  80  76]
0.7502609866747738
[ 50  88  52 152  48  48 126 168  80  76]
0.45556600230422895
[ 86  48  52 152  48  48  38 124  80  76]
0.0
[ 66  72  52 152  48  48 150 240  80  76]
0.6037492210724507
[ 74  68  52 152  48  48 150 212  80  76]
0.49801522967236833
[106  60  52 152  48  48 126 160  80  76]
0.5848291381696658
[ 62  52  52 152  48  48 102 268  80  76]
0.422534818583042
[114  60  52 152  48  48  70 152  80  76]
0.9977795476441567
[114  96  52 152  48  48 146 340  80  76]
0.40634600151980593
[110  68  52 152  48  48 122 268  80  76]
0.3900488526310941
[ 78  56  52 152  48  48 126  96  80  76]
1.0230774298917278
[ 78  40  52 152  48  48  58 200  80  76]
0.5105364356639683
[142  96  52 152  48  48 130 264  80  76]
0.44621849862058194
[ 30  44  52 152  48  48  30 252  80  76]
0.3713667234625977
[126  60  52 152  48  48 142 284  80  76]
0.42266431120290493
[ 58  40  52 152  48  48  30 328  80  76]
1.278810889992243
[ 58 100  52 152  48  48 102  44  80  76]
0.0
[138  48  52 152  48  48  50 268  80  76]
0.31632408412223256
[ 70  80  52 152  48  48  66  64  80  76]
0.0
[ 34  52  52 152  48  48  62 224  80  76]
0.3642927529145352
[ 46  84  52 152  48  48  78 272  80  76]
0.41620791079821795
[ 42  96  52 152  48  48 122  84  80  76]
0.07719543749866364
[ 82  76  52 152  48  48  58  64  80  76]
0.0
[154  80  52 152  48  48  46  88  80  76]
0.0
[ 90  72  52 152  48  48  54 336  80  76]
0.6136605938704007
[ 66  48  52 152  48  48  30 156  80  76]
0.9325166669439293
[134  96  52 152  48  48  46 128  80  76]
0.0
[ 66  80  52 152  48  48  54  64  80  76]
0.0
[122  60  52 152  48  48 114 116  80  76]
1.5003892921271016
[122  84  52 152  48  48 114 200  80  76]
0.542937619251249
[122  72  52 152  48  48  98 200  80  76]
0.592579312189409
[ 94  84  52 152  48  48  50 124  80  76]
0.0
[158  56  52 152  48  48  30 312  80  76]
0.60156888988196
[ 74  92  52 152  48  48 150 244  80  76]
0.5662387658173715
[ 78  44  52 152  48  48 126 280  80  76]
0.45848679451151697
[106  96  52 152  48  48 106 200  80  76]
0.5481428331567553
[ 50  80  52 152  48  48  34 128  80  76]
1.1351837392630229
[ 50  52  52 152  48  48  82 192  80  76]
0.4272863848071009
[ 54  92  52 152  48  48  94 188  80  76]
0.43986023952050823
[102  96  52 152  48  48 110 224  80  76]
0.422988385785235
[122  88  52 152  48  48  38  88  80  76]
0.0
[114  40  52 152  48  48  78 340  80  76]
2.7442213606866024
[114  40  52 152  48  48  98 160  80  76]
0.6908508358628529
[114  72  52 152  48  48 114 100  80  76]
0.0
[114  48  52 152  48  48 114  40  80  76]
0.0
[118  84  52 152  48  48 114 240  80  76]
0.38942810634751956
[ 90  92  52 152  48  48  58 216  80  76]
0.49188045712005946
[ 62  80  52 152  48  48  94 308  80  76]
1.05981893717381
[ 62  60  52 152  48  48 106 332  80  76]
0.6590610809584276
[ 38  56  52 152  48  48  94  96  80  76]
0.9011454045000233
[150 100  52 152  48  48  42 108  80  76]
0.0
[142  40  52 152  48  48 146  84  80  76]
0.0
[114  84  52 152  48  48  46 104  80  76]
0.0
[ 30  88  52 152  48  48 142 312  80  76]
0.5446207853447069
[ 38  64  52 152  48  48  50 240  80  76]
0.3716210947942631
[ 46  64  52 152  48  48  86 328  80  76]
6.2016093444423674
[ 46  64  52 152  48  48  34 296  80  76]
0.6197333584175062
[ 46  64  52 152  48  48 138 268  80  76]
0.6130161524500932
[ 46  64  52 152  48  48 102 112  80  76]
0.722557116116241
[ 46  56  52 152  48  48  86 288  80  76]
0.5806769771781009
[ 46  88  52 152  48  48  46 296  80  76]
0.6128447718788976
[ 46  52  52 152  48  48  82 156  80  76]
0.5239457023187348
[ 46  64  52 152  48  48  94 280  80  76]
0.5342414072488932
[ 46  92  52 152  48  48  46 148  80  76]
0.7412082159637496
[ 46  68  52 152  48  48 118  92  80  76]
0.6788526667440706
[ 46  76  52 152  48  48 118 296  80  76]
0.6241471546729502
[ 46  44  52 152  48  48 138  76  80  76]
1.2382358119206849
[ 46  64  52 152  48  48  90  68  80  76]
0.0
[ 46 100  52 152  48  48 150 316  80  76]
0.6392642144082734
[ 46  48  52 152  48  48 146  60  80  76]
0.5530151678866357
[ 46  96  52 152  48  48 126 108  80  76]
0.5269313599752845
[ 46  80  52 152  48  48  34 264  80  76]
0.4105252068781633
[110  96  52 152  48  48 118 168  80  76]
0.5950450543174279
[ 62  88  52 152  48  48 134 148  80  76]
0.4631414408537611
[130  64  52 152  48  48 130  88  80  76]
0.0
[ 74  40  52 152  48  48  58 328  80  76]
1.1725977848862668
[ 74  56  52 152  48  48  34 308  80  76]
0.9416018693424097
[ 74  44  52 152  48  48  82 120  80  76]
1.0587430315099997
[ 74  76  52 152  48  48  34 116  80  76]
0.0
[158  52  52 152  48  48 102 176  80  76]
0.8386718659636321
[158  48  52 152  48  48 134 156  80  76]
0.87091742350682
[158  52  52 152  48  48  38  40  80  76]
0.0
[146  88  52 152  48  48  50 200  80  76]
0.6701806385273636
[126  56  52 152  48  48  46 240  80  76]
0.4290540945432917
[ 50  68  52 152  48  48 102  96  80  76]
0.9421469701493579
[ 50  56  52 152  48  48  86 228  80  76]
0.36837712095725017
[ 34  80  52 152  48  48 146 132  80  76]
0.565467194178584
[ 58  76  52 152  48  48 126 248  80  76]
0.511821756742864
[ 78  76  52 152  48  48 102 232  80  76]
0.356452849895732
[106  80  52 152  48  48  54  92  80  76]
0.0
[ 54  52  52 152  48  48  82 332  80  76]
7.880509514246128
[ 54  52  52 152  48  48  42 180  80  76]
0.6499202638941015
[ 54  52  52 152  48  48  74 124  80  76]
0.9121583644284776
[ 54  52  52 152  48  48 118 116  80  76]
0.6425719907464083
[ 54  52  52 152  48  48  46 244  80  76]
0.4040359909425735
[ 54  72  52 152  48  48 110 292  80  76]
0.6424138789049101
[ 54 100  52 152  48  48  82 152  80  76]
0.5713819779641152
[ 54  76  52 152  48  48 114 328  80  76]
0.6116382400881444
[ 54  84  52 152  48  48  82 132  80  76]
0.6861672614051013
[ 54  44  52 152  48  48  38 232  80  76]
0.4099272798896674
[ 54  52  52 152  48  48  90 160  80  76]
0.5078950339453432
[ 54  80  52 152  48  48  66  68  80  76]
0.0
[ 54  48  52 152  48  48 146 100  80  76]
0.633179067438959
[ 54  52  52 152  48  48  34 232  80  76]
0.4358505078600823
[ 54  40  52 152  48  48 110  44  80  76]
0.0
[ 54  96  52 152  48  48 126 108  80  76]
0.560954562095269
[ 54  64  52 152  48  48 130 324  80  76]
0.599440946674334
[ 54  56  52 152  48  48  66 116  80  76]
1.2101202678931284
[ 54  72  52 152  48  48  90 124  80  76]
0.7349857930378669
[ 54  84  52 152  48  48  74  84  80  76]
0.0
[138  68  52 152  48  48  46  92  80  76]
0.0
[146  80  52 152  48  48  90 324  80  76]
0.8081058238911856
[102  52  52 152  48  48  82 216  80  76]
0.4752005030146691
[ 66  60  52 152  48  48 142 136  80  76]
0.5374128699686673
[ 30  96  52 152  48  48 134 188  80  76]
0.6086339252848112
[110  40  52 152  48  48 134 148  80  76]
0.526225664106972
[ 46  44  52 152  48  48  70 328  80  76]
0.8085172482137559
[146  96  52 152  48  48  38  64  80  76]
0.0
[ 90  96  52 152  48  48  90  96  80  76]
0.0
[ 82  92  52 152  48  48  90  96  80  76]
0.0
[ 34  40  52 152  48  48 118 212  80  76]
0.5143691696131425
[ 38  84  52 152  48  48 150 304  80  76]
0.5763512509776001
[ 62  68  52 152  48  48  94 204  80  76]
0.3934976184125043
[118  72  52 152  48  48 102 124  80  76]
1.2605027138768172
[118  60  52 152  48  48  58  84  80  76]
0.0
[ 98  60  52 152  48  48 122 208  80  76]
0.4009741558558806
[ 46  40  52 152  48  48  90  48  80  76]
0.0
[ 58  44  52 152  48  48 142 284  80  76]
0.5761561435449332
[ 74  48  52 152  48  48  46 204  80  76]
0.5545994548743141
[ 70  68  52 152  48  48 126  60  80  76]
0.0
[ 50 100  52 152  48  48 134 292  80  76]
0.6385254758749823
[ 86  64  52 152  48  48  70  60  80  76]
0.0
[ 30  60  52 152  48  48  82 148  80  76]
0.5232442885459034
[ 66  56  52 152  48  48 146 152  80  76]
0.5183045719853552
[126  68  52 152  48  48 114  92  80  76]
0.0
[ 78  80  52 152  48  48  38 164  80  76]
0.8226643846692623
[ 42  56  52 152  48  48  50 224  80  76]
0.39945411118944274
[122  40  52 152  48  48 114 328  80  76]
0.458812536897228
[ 94  56  52 152  48  48  42 180  80  76]
0.8152877170012676
[ 78  48  52 152  48  48 146  72  80  76]
1.8172620127057617
[ 78  48  52 152  48  48  90 340  80  76]
1.2227016807502489
[ 78  84  52 152  48  48  34 304  80  76]
0.7383779800758419
[ 78  56  52 152  48  48  90 104  80  76]
0.0
[ 78  96  52 152  48  48 146 280  80  76]
0.5213572521881729
[ 94  60  52 152  48  48 106 284  80  76]
0.4703960603382007
[ 38  80  52 152  48  48 142 224  80  76]
0.6954619646720024
[102  40  52 152  48  48  90 184  80  76]
0.5549039629212986
[110  44  52 152  48  48  74 296  80  76]
0.6017440984675912
[ 50  80  52 152  48  48  94 188  80  76]
0.42085637105132845
[ 74  40  52 152  48  48  42  56  80  76]
0.0
[ 34  68  52 152  48  48  46 124  80  76]
0.9937081492341224
[ 34  64  52 152  48  48  46 188  80  76]
0.5184023400635329
[ 58  92  52 152  48  48  70 260  80  76]
0.3995567305945098
[ 54  88  52 152  48  48 102 292  80  76]
0.7087107375355548
[154 100  52 152  48  48 102 268  80  76]
0.4599098307116811
[ 66  52  52 152  48  48 126 176  80  76]
0.4512503349413792
[134  80  52 152  48  48 146 164  80  76]
0.5778911975391607
[142  48  52 152  48  48  86 272  80  76]
0.4257864864016976
[114  56  52 152  48  48  38 304  80  76]
0.47667508862793095
[ 30  84  52 152  48  48  98  64  80  76]
0.0
[ 38  88  52 152  48  48  82 100  80  76]
0.9149300637791407
[ 38 100  52 152  48  48 134  72  80  76]
1.0150232125654646
[ 38  96  52 152  48  48  86 328  80  76]
6.384800533729418
[ 38  96  52 152  48  48 146  96  80  76]
0.43098949873057246
[ 38  96  52 152  48  48  94  80  80  76]
0.0
[ 38  96  52 152  48  48  30 332  80  76]
0.8847628398287575
[ 38  96  52 152  48  48 110 332  80  76]
0.727377228225579
[ 38  44  52 152  48  48  50  68  80  76]
0.0
[ 38  56  52 152  48  48  70 120  80  76]
0.852580377549579
[ 38  60  52 152  48  48 110 124  80  76]
0.5821062490644446
[ 38  52  52 152  48  48  82 292  80  76]
0.6671957590656941
[ 38  72  52 152  48  48  54 256  80  76]
0.37126334528010796
[ 38  48  52 152  48  48  50  64  80  76]
0.0
[ 38  76  52 152  48  48  82 260  80  76]
0.4124000237376384
[ 62  40  52 152  48  48  82 188  80  76]
0.4042605864109994
[130  40  52 152  48  48 150 320  80  76]
0.3500624815442539
[ 54  76  52 152  48  48  58 236  80  76]
0.3778724547942762
[118  40  52 152  48  48  34 124  80  76]
0.0
[ 38  64  52 152  48  48  66 128  80  76]
0.7786517875991867
[ 78  48  52 152  48  48 138 340  80  76]
0.4984361427234294
[122  44  52 152  48  48  78 208  80  76]
0.5382885354603375
[110  64  52 152  48  48  34 332  80  76]
0.6566808079268718
[ 34  44  52 152  48  48  62  56  80  76]
0.0
[ 46  72  52 152  48  48 142 156  80  76]
0.532477410451248
[102  64  52 152  48  48  62 208  80  76]
0.5614964805288036
[150  72  52 152  48  48 122 260  80  76]
0.4210049809835801
[ 98  88  52 152  48  48  94 144  80  76]
0.8046659113381862
[ 98  76  52 152  48  48  58  80  80  76]
0.0
[158  96  52 152  48  48 130 156  80  76]
0.83421285335439
[158  56  52 152  48  48  74  56  80  76]
0.0
[ 38  40  52 152  48  48  30  80  80  76]
0.0
[ 94  48  52 152  48  48 138 172  80  76]
0.4369932720429768
[ 50  76  52 152  48  48 150 208  80  76]
0.6969802007192796
[ 66  84  52 152  48  48  66 324  80  76]
2.0065040034613504
[ 66  84  52 152  48  48 130 204  80  76]
0.40491782657412156
[ 66  40  52 152  48  48  46 296  80  76]
0.5962743978749128
[ 66  88  52 152  48  48  58 240  80  76]
0.40109227064265873
[ 42  64  52 152  48  48 134 100  80  76]
0.6274357406889006
[134  72  52 152  48  48  70 288  80  76]
0.4405846194581122
[ 82  72  52 152  48  48 126 228  80  76]
0.36578765978350347
[110  84  52 152  48  48 146 116  80  76]
0.7935683449970563
[ 46  88  52 152  48  48  54 200  80  76]
0.49187476970556676
[ 78  40  52 152  48  48  50 144  80  76]
0.9037764626556826
[114  80  52 152  48  48 122 340  80  76]
0.4336217327078218
[146  68  52 152  48  48 130 200  80  76]
0.5695253174813237
[110 100  52 152  48  48  78 148  80  76]
0.9300987159208445
[110  76  52 152  48  48  98 100  80  76]
0.0
[ 58  48  52 152  48  48  70 120  80  76]
1.0610920569693723
[ 58  84  52 152  48  48  62 268  80  76]
0.4018854328065993
[ 78  60  52 152  48  48  70 272  80  76]
0.43325487449194044
[ 50  60  52 152  48  48 138 100  80  76]
0.6490793632018672
[ 54 100  52 152  48  48  86 200  80  76]
0.46170525083458713
[122  60  52 152  48  48 102 132  80  76]
1.1915342617071436
[122 100  52 152  48  48 150  60  80  76]
0.0
[154  96  52 152  48  48 126 116  80  76]
0.0
[102  72  52 152  48  48 134 144  80  76]
0.5961167916849566
[142  64  52 152  48  48 134  84  80  76]
0.0
[ 74  52  52 152  48  48 126 200  80  76]
0.3964811290295047
[106  48  52 152  48  48 106  44  80  76]
0.0
[ 62  84  52 152  48  48 138 268  80  76]
0.5665407823971258
[ 66  48  52 152  48  48  54 284  80  76]
0.48338177911798463
[ 90  56  52 152  48  48  50  96  80  76]
0.0
[ 42  76  52 152  48  48  82 216  80  76]
0.3618915844858337
[ 70  64  52 152  48  48  34 276  80  76]
0.4604890044557235
[138  96  52 152  48  48  34 156  80  76]
0.5877987727917011
[130  92  52 152  48  48 102 232  80  76]
0.44241504556085
[ 50  84  52 152  48  48  34  60  80  76]
0.0
[ 94  92  52 152  48  48  70 124  80  76]
1.2173043452032493
[ 94  64  52 152  48  48 142 184  80  76]
0.4350710606854158
[150  92  52 152  48  48  94 308  80  76]
0.6869843278697991
[ 46  56  52 152  48  48  58  92  80  76]
0.0
[ 58  68  52 152  48  48 142 176  80  76]
0.5024133164325599
[126  52  52 152  48  48 146 252  80  76]
0.33676082792899376
[146  72  52 152  48  48  58 124  80  76]
0.0
[ 54  52  52 152  48  48 122 240  80  76]
0.5006225515351543
[102 100  52 152  48  48  42  60  80  76]
0.0
[ 30  56  52 152  48  48 118 100  80  76]
0.6623055285629249
[ 38  96  52 152  48  48  54 324  80  76]
1.7250929746026054
[ 38  88  52 152  48  48  42 212  80  76]
0.43645276060368143
[ 38  96  52 152  48  48  34 244  80  76]
0.4230478841326215
[ 94  76  52 152  48  48 102 128  80  76]
0.9367679891839
[ 94  72  52 152  48  48  70 120  80  76]
0.0
[ 78 100  52 152  48  48  46 328  80  76]
1.434841128588841
[ 78  64  52 152  48  48  94 288  80  76]
0.5087453174737688
[ 78  68  52 152  48  48  30 192  80  76]
0.722610058815913
[ 86  88  52 152  48  48 130 320  80  76]
0.43272298667806863
[ 82  64  52 152  48  48 102 264  80  76]
0.38070709330781716
[ 62  44  52 152  48  48  82 316  80  76]
2.2528836749043113
[ 62  44  52 152  48  48 142  72  80  76]
1.7871986427922568
[ 62  44  52 152  48  48 122  56  80  76]
0.0
[ 62  64  52 152  48  48  90 260  80  76]
0.3797307338324709
[ 62  92  52 152  48  48  82  52  80  76]
0.0
[134  84  52 152  48  48 118 264  80  76]
0.4175890710837127
[ 66  64  52 152  48  48  82 108  80  76]
1.3704450500087724
[ 66  92  52 152  48  48  34 228  80  76]
0.45270154921407
[ 62  80  52 152  48  48 102  48  80  76]
0.0
[150  68  52 152  48  48 122  92  80  76]
0.0
[ 74 100  52 152  48  48  38  40  80  76]
0.0
[114  64  52 152  48  48  82 232  80  76]
0.44681274982533203
[ 78  52  52 152  48  48 146 152  80  76]
0.4942256701672332
[ 66  64  52 152  48  48  38 116  80  76]
0.0
[138  80  52 152  48  48  90 132  80  76]
1.09702655954373
[138  56  52 152  48  48 142 208  80  76]
0.4545674807026008
[ 38 100  52 152  48  48 138 336  80  76]
0.6323225618322978
[ 30  72  52 152  48  48  78 248  80  76]
0.4031777013986171
[138  72  52 152  48  48  98  96  80  76]
0.0
[122  76  52 152  48  48  66 152  80  76]
0.9288739405190074
[122  96  52 152  48  48  78 128  80  76]
1.1423709504685462
[122  60  52 152  48  48 122  68  80  76]
0.0
[ 34  76  52 152  48  48  86 260  80  76]
0.4501769119027408
[ 54  68  52 152  48  48 122 284  80  76]
0.5947677407592933
[ 70  96  52 152  48  48  74 340  80  76]
1.9964159887491841
[ 70  96  52 152  48  48  46 276  80  76]
0.482670786290202
[ 70  44  52 152  48  48 102 128  80  76]
0.6777643564275229
[ 70  48  52 152  48  48  86 168  80  76]
0.5387554753855366
[ 70  52  52 152  48  48  78 336  80  76]
2.9344331788805524
[ 70  52  52 152  48  48  46 164  80  76]
0.8080078872122167
[ 70  52  52 152  48  48 126 272  80  76]
0.5044620853651589
[ 70  84  52 152  48  48  94 300  80  76]
0.7874837816953972
[ 70  76  52 152  48  48 118 180  80  76]
0.43269039449025803
[ 70  60  52 152  48  48  78  60  80  76]
0.0
[ 70  40  52 152  48  48  58 160  80  76]
0.6675230167154826
[ 70  88  52 152  48  48 138 312  80  76]
0.5276651381746604
[130  56  52 152  48  48 142 180  80  76]
0.5418956729525914
[ 58  88  52 152  48  48  94 280  80  76]
0.4781773244335539
[ 38  56  52 152  48  48  42 164  80  76]
0.6494666662504285
[ 70  96  52 152  48  48 142  64  80  76]
0.0
[118  52  52 152  48  48  58 204  80  76]
0.629786742517835
[ 42  40  52 152  48  48 146  88  80  76]
0.549214303026198
[ 78  92  52 152  48  48  50 236  80  76]
0.43559857041229355
[ 54  92  52 152  48  48  34 164  80  76]
0.7392405392392507
[ 46  92  52 152  48  48 130 168  80  76]
0.4720193267989359
[110  88  52 152  48  48  98 108  80  76]
0.0
[ 82  88  52 152  48  48  62 128  80  76]
1.1322888374427593
[ 82  80  52 152  48  48  50 260  80  76]
0.41835158764549374
[ 38  80  52 152  48  48  30 268  80  76]
0.40982757584354723
[158  64  52 152  48  48  86  96  80  76]
0.0
[114  44  52 152  48  48  90 132  80  76]
1.151547645411004
[114  88  52 152  48  48  70 108  80  76]
0.0
[ 86  92  52 152  48  48 150  68  80  76]
0.801156318013081
[ 86 100  52 152  48  48  70 228  80  76]
0.47390600546333017
[ 98  80  52 152  48  48  70  40  80  76]
0.0
[126  76  52 152  48  48  54 136  80  76]
0.8903209262391047
[126  84  52 152  48  48  58  60  80  76]
0.0
[ 54  60  52 152  48  48  62 296  80  76]
0.6282440779870846
[ 30  76  52 152  48  48 134 116  80  76]
0.5578685580233023
[134  56  52 152  48  48  46 272  80  76]
0.32052186653372217
[ 50  72  52 152  48  48 130  72  80  76]
1.3792195429612568
[ 50  68  52 152  48  48  86 220  80  76]
0.36123438649965256
[ 34  96  52 152  48  48 110 172  80  76]
0.4589179463463797
[118  56  52 152  48  48  30 144  80  76]
0.7330129153739344
[142  68  52 152  48  48 146  48  80  76]
0.0
[130  72  52 152  48  48  70 308  80  76]
0.7364454475575613
[ 50  44  52 152  48  48 150 176  80  76]
0.5614013263844222
[ 66  96  52 152  48  48 102 288  80  76]
0.5841024785208828
[ 82 100  52 152  48  48 126 140  80  76]
0.5483821276882277
[ 74  88  52 152  48  48 102 216  80  76]
0.3762357673033414
[122  52  52 152  48  48  86 104  80  76]
0.0
[ 58  60  52 152  48  48  42  92  80  76]
0.0
[ 78 100  52 152  48  48 106 272  80  76]
0.4609998752383022
[118  92  52 152  48  48  82 332  80  76]
1.7724395126902874
[118  96  52 152  48  48  70  76  80  76]
0.0
[118  68  52 152  48  48 102 176  80  76]
0.6858400664601019
[ 42  92  52 152  48  48  42 260  80  76]
0.4119707621061808
[130  48  52 152  48  48 122  48  80  76]
0.0
[118  76  52 152  48  48  98  48  80  76]
0.0
[ 54  56  52 152  48  48 142 156  80  76]
0.5356309237045342
[ 94  68  52 152  48  48 114 264  80  76]
0.37842965435784603
[ 46  84  52 152  48  48 114 140  80  76]
0.4830178031232326
[ 38  84  52 152  48  48  38  76  80  76]
0.0
[102  80  52 152  48  48 122 336  80  76]
0.423114891943166
[ 62  56  52 152  48  48 134 312  80  76]
0.5862467928003399
[ 30  92  52 152  48  48 134 120  80  76]
0.5041889176447429
[ 90  48  52 152  48  48  50 244  80  76]
0.43071356282771367
[ 66 100  52 152  48  48  90  56  80  76]
0.0
[146  92  52 152  48  48  46 164  80  76]
0.6224372220989749
[ 50  92  52 152  48  48 114 296  80  76]
0.6401054783665971
[154  88  52 152  48  48  50 132  80  76]
0.5451650376129327
[106  40  52 152  48  48 110  44  80  76]
0.0
[ 82  52  52 152  48  48  50 328  80  76]
1.3848309089619972
[ 82  44  52 152  48  48  74 220  80  76]
0.4150140115885279
[ 82  88  52 152  48  48 126 140  80  76]
0.5374893237043232
[ 86  76  52 152  48  48  38 328  80  76]
1.2970170104931937
[ 86  72  52 152  48  48  78 248  80  76]
0.3960589233660592
[ 86  44  52 152  48  48 134 116  80  76]
0.6658191275802943
[ 34  92  52 152  48  48 150 136  80  76]
0.5486677702888372
[ 54  44  52 152  48  48  50 228  80  76]
0.39221027522200425
[ 78  72  52 152  48  48 126 112  80  76]
0.7661769586674958
[ 86  84  52 152  48  48  62 172  80  76]
0.7164326021494203
[ 46  60  52 152  48  48  90 284  80  76]
0.5501766159061978
[ 74  80  52 152  48  48 106 116  80  76]
0.8488000426805027
[ 62  96  52 152  48  48 114 160  80  76]
0.46034772575302885
[ 50  72  52 152  48  48  50 140  80  76]
0.8573523779853709
[114  40  52 152  48  48 110 136  80  76]
0.834991015604307
[ 78  80  52 152  48  48  94 252  80  76]
0.3640037461396808
[ 70  72  52 152  48  48 150  56  80  76]
0.0
[ 74  44  52 152  48  48 126 156  80  76]
0.44747281904434577
[114  60  52 152  48  48  30 296  80  76]
0.33682819310397294
[146  44  52 152  48  48  50 216  80  76]
0.5238489709807614
[ 50  96  52 152  48  48  38 196  80  76]
0.6157315809499622
[150  84  52 152  48  48 110 224  80  76]
0.4596260756151602
[ 86  60  52 152  48  48 130  84  80  76]
0.0
[ 30  52  52 152  48  48  34 336  80  76]
0.4220230272563801
[ 82  56  52 152  48  48  30 140  80  76]
1.1073336288886684
[ 82  52  52 152  48  48  58  48  80  76]
0.0
[ 94  92  52 152  48  48  62 176  80  76]
0.7361310417408824
[102  48  52 152  48  48 118 292  80  76]
0.4463234252524273
[ 42  44  52 152  48  48  42 156  80  76]
0.6821020630985393
[154  48  52 152  48  48 134 320  80  76]
0.4611114168902719
[134  48  52 152  48  48 138 316  80  76]
0.4204995036972725
[ 34  60  52 152  48  48 146 160  80  76]
0.6341538997109955
[ 46  52  52 152  48  48  46 312  80  76]
1.5724125294273352
[ 46  52  52 152  48  48 114  52  80  76]
0.0
[138  92  52 152  48  48  30 160  80  76]
0.543972357853288
[ 54  52  52 152  48  48 146 124  80  76]
0.575731131914351
[ 38  64  52 152  48  48  38 128  80  76]
1.0713508181233204
[ 38  96  52 152  48  48  74  96  80  76]
1.0911291101333735
[ 38  60  52 152  48  48  62  40  80  76]
0.0
[ 50  40  52 152  48  48 138  44  80  76]
0.0
[ 90  88  52 152  48  48  98 148  80  76]
0.6885862692644085
[ 94  88  52 152  48  48 146 252  80  76]
0.4174746104158962
[ 42  80  52 152  48  48 110  40  80  76]
0.0
[110  60  52 152  48  48  66 108  80  76]
0.0
[ 74  64  52 152  48  48  54 248  80  76]
0.4171570513271414
[ 66  56  52 152  48  48  50 304  80  76]
0.8468404438940238
[122  92  52 152  48  48 114 244  80  76]
0.41194757375681634
[ 62  48  52 152  48  48 134 200  80  76]
0.45016596209521853
[ 46  64  52 152  48  48  58 200  80  76]
0.46662212359786603
[ 78  84  52 152  48  48  66 304  80  76]
0.8231382804945042
[ 66  60  52 152  48  48  70 312  80  76]
1.628793125659028
[ 66  60  52 152  48  48  82 196  80  76]
0.47396537044356246
[ 66  84  52 152  48  48 146  64  80  76]
0.5530895393449293
[146  48  52 152  48  48 114 120  80  76]
0.0
[ 90 100  52 152  48  48  42  48  80  76]
0.0
[ 34  68  52 152  48  48  38 260  80  76]
0.38571779907672754
[126  44  52 152  48  48 150 136  80  76]
0.6699144594504478
[ 78  40  52 152  48  48 110 332  80  76]
0.4802170562431607
[ 54  48  52 152  48  48  70 192  80  76]
0.4582494077311168
[ 30  48  52 152  48  48 122 272  80  76]
0.6198495753507067
[ 66  52  52 152  48  48 134  44  80  76]
0.0
[142  88  52 152  48  48 146 108  80  76]
0.0
[150  40  52 152  48  48  58 228  80  76]
0.4032900036472944
[ 58  72  52 152  48  48 118 280  80  76]
0.596893992662429
[158  68  52 152  48  48  66 196  80  76]
0.7150237786097233
[114  44  52 152  48  48  38 296  80  76]
0.38794887076628126
[102  92  52 152  48  48  54  96  80  76]
0.0
[130  52  52 152  48  48  30  60  80  76]
0.0
[138  52  52 152  48  48 110  76  80  76]
0.0
[126  48  52 152  48  48  86 128  80  76]
1.2822174078041095
[126  64  52 152  48  48 106 180  80  76]
0.6938772554613848
[126  80  52 152  48  48 130 100  80  76]
0.0
[ 38  52  52 152  48  48 110 248  80  76]
0.5440424293471116
[118  92  52 152  48  48 114 104  80  76]
0.0
[158  92  52 152  48  48 134 100  80  76]
0.0
[154  56  52 152  48  48  66  88  80  76]
0.0
[ 46  68  52 152  48  48  62 164  80  76]
0.5742048774343236
[ 30  68  52 152  48  48  62 196  80  76]
0.42198968169678075
[ 74  60  52 152  48  48  50 140  80  76]
1.0809831921696638
[ 74  56  52 152  48  48  58 272  80  76]
0.447912892240536
[ 98  84  52 152  48  48 138 296  80  76]
0.4090861548503475
[ 94  40  52 152  48  48 130 108  80  76]
0.7794746824273371
[ 82  84  52 152  48  48  98 304  80  76]
0.6890456685823616
[134  52  52 152  48  48 134 188  80  76]
0.5611859516084154
[ 62  76  52 152  48  48 142  76  80  76]
1.3778163953333968
[ 62  72  52 152  48  48 126  84  80  76]
0.0
[ 78  88  52 152  48  48  98 188  80  76]
0.49022858382021606
[ 54  96  52 152  48  48 130 268  80  76]
0.6460150912547424
[122  64  52 152  48  48 118 168  80  76]
0.6660229020375372
[ 94  44  52 152  48  48 118  76  80  76]
0.0
[ 58  40  52 152  48  48  94 172  80  76]
0.3972069757276011
[ 70  56  52 152  48  48  66 112  80  76]
0.0
[ 38  92  52 152  48  48 150 228  80  76]
0.7053481836479181
[ 82  60  52 152  48  48  82  52  80  76]
0.0
[ 34  48  52 152  48  48 126 308  80  76]
0.5643376449440654
[ 46  76  52 152  48  48 142  76  80  76]
1.1662830722616087
[ 46  44  52 152  48  48  90 340  80  76]
2.894055937417857
[ 46  44  52 152  48  48 106 324  80  76]
0.6907888754133606
[ 46  44  52 152  48  48  38 304  80  76]
0.8279602017839962
[ 46 100  52 152  48  48  90 244  80  76]
0.427150007680722
[ 46  48  52 152  48  48 142 232  80  76]
0.6390306902760436
[ 46  76  52 152  48  48  46  92  80  76]
0.0
[ 46  64  52 152  48  48 130 212  80  76]
0.5667673386260694
[ 74  68  52 152  48  48 118  48  80  76]
0.0
[ 54  64  52 152  48  48  54 152  80  76]
0.7536924945182146
[122  56  52 152  48  48 102  40  80  76]
0.0
[ 38  56  52 152  48  48 138 180  80  76]
0.6091491370672477
[ 50  88  52 152  48  48  66  80  80  76]
0.0
[ 46  96  52 152  48  48 110 284  80  76]
0.7170014276509282
[ 78  44  52 152  48  48  50 128  80  76]
1.2371583856717359
[ 78  48  52 152  48  48 110 136  80  76]
0.6411026634788453
[ 78  96  52 152  48  48  66 156  80  76]
0.7571216680688049
[ 54  72  52 152  48  48 150 164  80  76]
0.5360061587543914
[ 66  72  52 152  48  48 106 240  80  76]
0.36502791755639374
[134 100  52 152  48  48  42 184  80  76]
0.7185412669748457
[ 62  76  52 152  48  48  30 268  80  76]
0.43042108405193313
[114  52  52 152  48  48  58 284  80  76]
0.46477548598774576
[150  80  52 152  48  48  74 188  80  76]
0.753356645461744
[ 78  60  52 152  48  48  30 232  80  76]
0.4612268115197651
[ 30  80  52 152  48  48 126 104  80  76]
0.5467574481906146
[150  56  52 152  48  48 146 268  80  76]
0.45080315844931884
[ 46  44  52 152  48  48 150 336  80  76]
0.5678575189165389
[ 86  68  52 152  48  48  94 312  80  76]
0.8689281427185596
[ 86  52  52 152  48  48  82  52  80  76]
0.0
[134  92  52 152  48  48  66 308  80  76]
0.6453651686102282
[ 38  68  52 152  48  48  50 260  80  76]
0.376870863131856
[126  40  52 152  48  48  46 288  80  76]
0.31109308562201066
[ 34 100  52 152  48  48  74 168  80  76]
0.48455070114862786
[106 100  52 152  48  48  50 292  80  76]
0.5478714657266348
[ 54  88  52 152  48  48  42 132  80  76]
1.0149323828397632
[ 54  80  52 152  48  48  78  64  80  76]
0.0
[ 98  56  52 152  48  48 122  96  80  76]
0.0
[ 58  52  52 152  48  48  78 120  80  76]
0.9812388923824569
[ 58  64  52 152  48  48  90 276  80  76]
0.43694869912667267
[110  48  52 152  48  48 118 248  80  76]
0.3693282646574858
[ 46  72  52 152  48  48  66 252  80  76]
0.3625067121426877
[134  76  52 152  48  48  82 212  80  76]
0.537573682829741
[ 78  44  52 152  48  48 134  80  80  76]
0.9308954307006534
[ 78  68  52 152  48  48 102 108  80  76]
1.1887210111098359
[ 78  76  52 152  48  48  66 320  80  76]
2.8907362725969983
[ 78  76  52 152  48  48  74 240  80  76]
0.3885169671878226
[ 78  76  52 152  48  48  58 308  80  76]
1.0052508610577786
[ 78  76  52 152  48  48  46 324  80  76]
2.164476447644663
[ 78  76  52 152  48  48 146 208  80  76]
0.4292270737587709
[ 78  72  52 152  48  48  54 288  80  76]
0.5181124187487514
[ 78 100  52 152  48  48 134 212  80  76]
0.4179348490451953
[ 78  64  52 152  48  48 138 208  80  76]
0.4077681203483714
[ 78  84  52 152  48  48 134 280  80  76]
0.476001232543835
[ 78  68  52 152  48  48  46  44  80  76]
0.0
[ 30  40  52 152  48  48  82 120  80  76]
0.5524647486929379
[146  76  52 152  48  48 114 140  80  76]
1.039127904780032
[146  40  52 152  48  48 138 116  80  76]
1.220266672763876
[146 100  52 152  48  48 126  60  80  76]
0.0
[ 66  68  52 152  48  48  94 108  80  76]
1.1155332043991943
[ 66  56  52 152  48  48 106 160  80  76]
0.5072091618851511
[ 42  72  52 152  48  48  74 268  80  76]
0.3994748499082863
[ 62  60  52 152  48  48  58 340  80  76]
0.3309766542929875
[114  68  52 152  48  48 126  40  80  76]
0.0
[ 38  96  52 152  48  48 142 104  80  76]
0.4790756832869323
[ 78  52  52 152  48  48  70 192  80  76]
0.5814828657442574
[102  60  52 152  48  48 142 112  80  76]
0.88449445480331
[102  56  52 152  48  48  34 256  80  76]
0.4032924458758793
[142  92  52 152  48  48 114 188  80  76]
0.691319543051883
[ 66  40  52 152  48  48  70 324  80  76]
1.6425852424495324
[ 66  40  52 152  48  48 102 268  80  76]
0.36473519668288956
[ 66  76  52 152  48  48 126 304  80  76]
0.5319020766086133
[106  84  52 152  48  48 106 148  80  76]
0.7439904349557758
[106  60  52 152  48  48 102 296  80  76]
0.5943455293372235
[ 34  56  52 152  48  48 138  40  80  76]
0.0
[ 90  52  52 152  48  48 134 340  80  76]
0.447393619864757
[ 74  84  52 152  48  48 146 272  80  76]
0.5333174200195825
[ 58  48  52 152  48  48 122 336  80  76]
0.5687608782415561
[130  76  52 152  48  48  38  76  80  76]
0.0
[150  76  52 152  48  48  70 144  80  76]
0.8000211144732354
[150  44  52 152  48  48 130 168  80  76]
0.7219309128144242
[146  56  52 152  48  48 114 164  80  76]
0.8543040603453909
[146  52  52 152  48  48 142 200  80  76]
0.519872503510892
[ 70  52  52 152  48  48  54  84  80  76]
0.0
[ 66  68  52 152  48  48 126 300  80  76]
0.5401273349433044
[ 94  52  52 152  48  48  46  84  80  76]
0.0
[ 46  80  52 152  48  48 134 256  80  76]
0.642009921582543
[142  80  52 152  48  48  58 248  80  76]
0.39004576973867233
[ 30  96  52 152  48  48  54  72  80  76]
0.0
[150  60  52 152  48  48  58 152  80  76]
0.6975959094854791
[118  72  52 152  48  48  46 296  80  76]
0.4335747946643256
[ 82  56  52 152  48  48 126 268  80  76]
0.4457665270796778
[134  44  52 152  48  48 110  92  80  76]
0.0
[ 78  40  52 152  48  48  66 260  80  76]
0.3829831111740871
[ 50  64  52 152  48  48 138 268  80  76]
0.6157174185233996
[122  80  52 152  48  48  66 144  80  76]
0.9675210089591257
[122  68  52 152  48  48  90 180  80  76]
0.7375612711786468
[122  96  52 152  48  48  46 332  80  76]
0.653980446711286
[ 38 100  52 152  48  48 118 128  80  76]
0.4846699372334169
[106  96  52 152  48  48 134 108  80  76]
0.9951123156026027
[106  52  52 152  48  48  30 160  80  76]
0.8531720735670141
[106  56  52 152  48  48 134  84  80  76]
0.0
[150  88  52 152  48  48  82 116  80  76]
0.0
[138  76  52 152  48  48  66 192  80  76]
0.7450634206167308
[ 54  92  52 152  48  48  38  96  80  76]
0.0
[126  88  52 152  48  48  30 332  80  76]
0.41943864829959177
[138  64  52 152  48  48  62  80  80  76]
0.0
[ 46  88  52 152  48  48 150 188  80  76]
0.6164471974474786
[ 74  92  52 152  48  48  50 152  80  76]
0.8445870270180655
[158 100  52 152  48  48 150 104  80  76]
0.0
[ 58  80  52 152  48  48  54 152  80  76]
0.7424045141570921
[ 74  60  52 152  48  48  54 184  80  76]
0.683353007855755
[110  56  52 152  48  48  66 320  80  76]
1.9846703816690385
[110  56  52 152  48  48  70  60  80  76]
0.0
[110  92  52 152  48  48  62  84  80  76]
0.0
[ 66  44  52 152  48  48  86 336  80  76]
1.9852820486533034
[ 66  44  52 152  48  48  30 300  80  76]
0.6727599980509638
[ 66  44  52 152  48  48 114 280  80  76]
0.5010687097973936
[ 66  96  52 152  48  48 110 252  80  76]
0.42121457382558836
[102  76  52 152  48  48 130 152  80  76]
0.5624602320682592
[146  60  52 152  48  48  70 328  80  76]
0.806523614403003
[ 66  60  52 152  48  48 126 256  80  76]
0.4929239844255524
[ 50  60  52 152  48  48 126 188  80  76]
0.48502532462233083
[122  84  52 152  48  48  34 148  80  76]
0.7145583528585593
[146  40  52 152  48  48 130 216  80  76]
0.4199503807781857
[ 58  96  52 152  48  48 150 208  80  76]
0.5983308332932542
[ 62  44  52 152  48  48  38 152  80  76]
0.8823736034475027
[ 62  52  52 152  48  48  42 112  80  76]
0.0
[154 100  52 152  48  48  58  40  80  76]
0.0
[ 78  92  52 152  48  48  62  60  80  76]
0.0
[ 46  92  52 152  48  48 150  68  80  76]
0.7936411471544331
[ 74  48  52 152  48  48 134  88  80  76]
0.6046369259104774
[ 42  48  52 152  48  48  78 324  80  76]
3.1788340021781867
[ 42  48  52 152  48  48 146 136  80  76]
0.5758778021887667
[ 42  84  52 152  48  48  62 200  80  76]
0.44284738459061646
[ 42  68  52 152  48  48  90 284  80  76]
0.5733955112262656
[ 42 100  52 152  48  48  98 180  80  76]
0.4552067819247305
[ 42  48  52 152  48  48  58 152  80  76]
0.6276581170678914
[ 42  88  52 152  48  48  98 264  80  76]
0.4897898748174325
[ 42  52  52 152  48  48  38  84  80  76]
0.0
[ 42  60  52 152  48  48  82 332  80  76]
6.256576490720345
[ 42  60  52 152  48  48 110 156  80  76]
0.49263730696063024
[ 42  60  52 152  48  48  70 156  80  76]
0.5672502397062484
[ 42  60  52 152  48  48  50 244  80  76]
0.3804856930638194
[ 42  60  52 152  48  48  34 332  80  76]
0.7249710737578141
[ 42  48  52 152  48  48 150 196  80  76]
0.7613524137894094
[ 42  64  52 152  48  48  30 176  80  76]
0.6712600484492715
[ 42  60  52 152  48  48 114 124  80  76]
0.5818617024378785
[ 42  44  52 152  48  48  58 228  80  76]
0.3512066407183001
[ 42  56  52 152  48  48 102 320  80  76]
0.8199978689961911
[ 42  40  52 152  48  48  66 248  80  76]
0.31884767061935193
[ 42  68  52 152  48  48 122 224  80  76]
0.5551654954674974
[ 42  76  52 152  48  48  94 176  80  76]
0.43664473448426433
[ 42  92  52 152  48  48 126 132  80  76]
0.4807149908924342
[ 42  84  52 152  48  48  66  72  80  76]
0.0
[ 42  96  52 152  48  48  74 164  80  76]
0.5026473962632867
[ 42  72  52 152  48  48  82 124  80  76]
0.7035863606876767
[ 42 100  52 152  48  48  74 224  80  76]
0.41007142866655233
[ 38  64  52 152  48  48  86 208  80  76]
0.3805045215673557
[ 90  40  52 152  48  48 122  60  80  76]
0.0
[ 82  64  52 152  48  48  34  88  80  76]
0.0
[122  72  52 152  48  48 106  76  80  76]
0.0
[ 46  60  52 152  48  48  86 340  80  76]
6.185563489049777
[ 46  60  52 152  48  48  50 144  80  76]
0.8123831082859807
[ 46  60  52 152  48  48  34 136  80  76]
1.0604652915457617
[ 46  60  52 152  48  48 114 112  80  76]
0.660926008255825
[ 46  60  52 152  48  48 130 336  80  76]
0.6118279472896417
[ 46  60  52 152  48  48 102 328  80  76]
0.8157141215607004
[ 46  60  52 152  48  48  58  84  80  76]
0.0
[ 46  84  52 152  48  48  34 108  80  76]
0.0
[ 46  64  52 152  48  48  50 252  80  76]
0.37926452894162965
[ 46  68  52 152  48  48 146  88  80  76]
0.43883968745987945
[ 46  44  52 152  48  48 134 332  80  76]
0.5744931413897476
[ 46  60  52 152  48  48 122 104  80  76]
0.6756479476797117
[ 46  96  52 152  48  48  62 216  80  76]
0.4225056048866003
[ 46  52  52 152  48  48 102  76  80  76]
2.171916619185911
[ 46  52  52 152  48  48 106 248  80  76]
0.46485223338217696
[ 46  48  52 152  48  48  34 320  80  76]
2.9022556491441245
[ 46  48  52 152  48  48  54 200  80  76]
0.45700912466067045
[ 46  48  52 152  48  48 110 324  80  76]
0.6600124337581075
[ 46  40  52 152  48  48 138  60  80  76]
0.0
[ 46  92  52 152  48  48  98 100  80  76]
0.7862236314091389
[ 46  56  52 152  48  48  90 268  80  76]
0.4457665953384271
[ 46 100  52 152  48  48  70 244  80  76]
0.4136623460110995
[ 46  52  52 152  48  48  70  80  80  76]
0.0
[ 86  40  52 152  48  48  82 292  80  76]
0.5260600440444814
[118  48  52 152  48  48 126 172  80  76]
0.5622413671807669
[142  44  52 152  48  48 130 304  80  76]
0.43744546584837507
[ 66  80  52 152  48  48  82 220  80  76]
0.37920000387372443
[102  88  52 152  48  48 134 140  80  76]
0.5958275613089288
[ 58  56  52 152  48  48  94 316  80  76]
2.2716133741994913
[ 58  56  52 152  48  48  34 104  80  76]
0.0
[ 58  44  52 152  48  48  78  84  80  76]
0.0
[ 42  48  52 152  48  48  82 104  80  76]
0.9507558132382128
[ 42  60  52 152  48  48  94 212  80  76]
0.38997271073606465
[ 74  96  52 152  48  48  42 120  80  76]
0.0
[ 46  48  52 152  48  48  58 228  80  76]
0.3717428553008495
[ 50  52  52 152  48  48 130 120  80  76]
0.5840594772822492
[126  48  52 152  48  48 110 188  80  76]
0.6222238920603276
[ 38  72  52 152  48  48  90  72  80  76]
1.389282477491081
[ 38  72  52 152  48  48  70  52  80  76]
0.0
[146  80  52 152  48  48  82 180  80  76]
0.7812818258035332
[110 100  52 152  48  48  66 232  80  76]
0.4767390694359994
[106  96  52 152  48  48  90 304  80  76]
0.8502212590835829
[106  76  52 152  48  48  70 336  80  76]
1.5055074685122745
[106  76  52 152  48  48  94 104  80  76]
0.0
[106  44  52 152  48  48 134 340  80  76]
0.3893824074561032
[ 54  52  52 152  48  48  98 104  80  76]
0.9422344305062846
[ 54  68  52 152  48  48 142 208  80  76]
0.5891293694978994
[ 34  88  52 152  48  48 118  96  80  76]
0.5398241250826283
[114  92  52 152  48  48 126 188  80  76]
0.5317177381404241
[ 58  76  52 152  48  48 122 220  80  76]
0.42810568066557786
[146  76  52 152  48  48  82 224  80  76]
0.48085662250747196
[102  68  52 152  48  48  86 124  80  76]
1.2845643063801806
[102  84  52 152  48  48  42 196  80  76]
0.7003143078665346
[102  68  52 152  48  48 118 104  80  76]
0.0
[ 86  76  52 152  48  48  46 316  80  76]
1.5341796289918364
[ 86  76  52 152  48  48  30 280  80  76]
0.4348563381303008
[ 86  96  52 152  48  48 114 224  80  76]
0.391873641011218
[118 100  52 152  48  48 102 180  80  76]
0.6973953800210926
[ 30  88  52 152  48  48  86 340  80  76]
3.5871938153277654
[ 30  88  52 152  48  48 126 132  80  76]
0.49990050065870695
[ 30  88  52 152  48  48  70 132  80  76]
0.6021377638237206
[ 30  60  52 152  48  48  34 320  80  76]
2.8367514369639895
[ 30  60  52 152  48  48  50  72  80  76]
0.0
[ 30  64  52 152  48  48 106  72  80  76]
1.4931108234445238
[ 30  64  52 152  48  48 118 104  80  76]
0.6217604910322792
[ 30  44  52 152  48  48  90 312  80  76]
2.4995262488774657
[ 30  44  52 152  48  48 102 276  80  76]
0.6035842789618102
[ 30  56  52 152  48  48 150 312  80  76]
0.5083577779200013
[ 30  44  52 152  48  48  58  68  80  76]
0.0
[ 30  88  52 152  48  48  94 284  80  76]
0.6868410253231509
[ 30  84  52 152  48  48 146 132  80  76]
0.5698926729870462
[ 30  60  52 152  48  48  38 124  80  76]
1.0733728036390011
[ 30  72  52 152  48  48  82  44  80  76]
0.0
[ 30 100  52 152  48  48  78 220  80  76]
0.4106285992991088
[ 30  76  52 152  48  48  42 148  80  76]
0.6790983618430859
[ 30  48  52 152  48  48 142 216  80  76]
0.7232043003906887
[ 30  60  52 152  48  48  94 104  80  76]
0.74885047212836
[ 30  92  52 152  48  48 138 164  80  76]
0.5552266328306761
[ 30  80  52 152  48  48 106 300  80  76]
0.7199197534672108
[ 30  88  52 152  48  48 138 204  80  76]
0.7575279395146843
[ 30  52  52 152  48  48 106  68  80  76]
1.1495404199553372
[ 30  40  52 152  48  48  38 252  80  76]
0.33991767219715885
[ 30  64  52 152  48  48 110 300  80  76]
0.658333035775849
[ 30  68  52 152  48  48  34 276  80  76]
0.4234417288611019
[ 86  56  52 152  48  48  74  60  80  76]
0.0
[ 70  44  52 152  48  48  50 288  80  76]
0.5119256906599872
[126  72  52 152  48  48  46 212  80  76]
0.5800763785131942
[ 66  48  52 152  48  48  94  56  80  76]
0.0
[ 50  48  52 152  48  48  86 152  80  76]
0.5220627816726409
[ 30  84  52 152  48  48  74  80  80  76]
0.0
[ 46  80  52 152  48  48 130  84  80  76]
0.11581972685247743
[ 42  56  52 152  48  48 130  96  80  76]
0.6614469199187676
[ 94  96  52 152  48  48 114  72  80  76]
0.0
[ 78  56  52 152  48  48  30  60  80  76]
0.0
[ 98  92  52 152  48  48  34 316  80  76]
1.019516126951598
[ 98  48  52 152  48  48  66 160  80  76]
0.8748760767199584
[ 98  60  52 152  48  48 130 252  80  76]
0.3728812396751888
[ 98  40  52 152  48  48  78 212  80  76]
0.4423467055249708
[118  80  52 152  48  48  30 208  80  76]
0.6165028053794992
[130  96  52 152  48  48  42 240  80  76]
0.43514436116344646
[ 54  56  52 152  48  48  38 224  80  76]
0.44913929739372627
[ 38  76  52 152  48  48 102 228  80  76]
0.4424142924031529
[142 100  52 152  48  48 150 328  80  76]
0.4515488743969942
[ 42  64  52 152  48  48 130 308  80  76]
0.6075600270014336
[ 34  80  52 152  48  48 126  92  80  76]
0.5028466684766517
[ 62  84  52 152  48  48  38 228  80  76]
0.43376882584885257
[114  76  52 152  48  48  70 292  80  76]
0.5332523799246458
[126  92  52 152  48  48 138 176  80  76]
0.5487022676514204
[110  96  52 152  48  48  62 244  80  76]
0.4408947748745846
[118  44  52 152  48  48  46  52  80  76]
0.0
[ 70  92  52 152  48  48 150 208  80  76]
0.4962464120716905
[ 50 100  52 152  48  48  74 108  80  76]
1.0567282402106881
[ 50  56  52 152  48  48  54 120  80  76]
1.2270169789083794
[ 50  76  52 152  48  48  34 164  80  76]
0.731135935989649
[ 50  72  52 152  48  48  98 164  80  76]
0.46443137215089725
[ 50  80  52 152  48  48  58 296  80  76]
0.6128577683800089
[146  88  52 152  48  48 150  40  80  76]
0.0
[134  60  52 152  48  48  34 172  80  76]
0.6448468788030266
[ 58  52  52 152  48  48 122 216  80  76]
0.43603268596374667
[150  48  52 152  48  48  42 264  80  76]
0.2554487680025346
[122  76  52 152  48  48 142 236  80  76]
0.35679495038879505
[106  68  52 152  48  48 138  76  80  76]
0.0
[ 82  68  52 152  48  48 102 236  80  76]
0.3587265148827574
[ 74  80  52 152  48  48 146 324  80  76]
0.5350660852635294
[ 54  60  52 152  48  48 118 136  80  76]
0.5463426842464632
[ 38  88  52 152  48  48  46 104  80  76]
0.0
[ 42  88  52 152  48  48 150 312  80  76]
0.598229060503281
[ 46  64  52 152  48  48  54 236  80  76]
0.3755158772221088
[102  72  52 152  48  48 118 312  80  76]
0.4477517453402404
[ 98  64  52 152  48  48  30 140  80  76]
0.9551870193838772
[ 98  44  52 152  48  48  38  52  80  76]
0.0
[ 50  56  52 152  48  48 118 160  80  76]
0.4895973140553693
[134  68  52 152  48  48 146 220  80  76]
0.38863439940766686
[138  48  52 152  48  48 114 244  80  76]
0.4205446731399234
[130  44  52 152  48  48  90  84  80  76]
0.0
[158  84  52 152  48  48 130 296  80  76]
0.4675969330254306
[ 66  84  52 152  48  48  82  56  80  76]
0.0
[ 34  76  52 152  48  48  70 280  80  76]
0.47376328156289316
[114 100  52 152  48  48  38 288  80  76]
0.4109482795886792
[ 30  56  52 152  48  48  30 136  80  76]
0.9564112710967141
[ 30  52  52 152  48  48  90 260  80  76]
0.4978316054008167
[142  60  52 152  48  48 102 252  80  76]
0.4337788902694113
[ 78  44  52 152  48  48 122  64  80  76]
0.0
[126  76  52 152  48  48 106 264  80  76]
0.4180067373504963
[ 62  88  52 152  48  48  70 192  80  76]
0.5281280508374286
[ 54  40  52 152  48  48  30 228  80  76]
0.405147362715903
[ 42  48  52 152  48  48 130 244  80  76]
0.6100364341035851
[ 70  64  52 152  48  48 110 132  80  76]
0.6511459849159182
[ 74  92  52 152  48  48  46 268  80  76]
0.4445734659599059
[ 46  88  52 152  48  48  70 320  80  76]
2.2600745065643926
[ 46  88  52 152  48  48  78 196  80  76]
0.4300358259796466
[ 46  88  52 152  48  48  30 164  80  76]
0.7179603048168464
[ 46  60  52 152  48  48  70 124  80  76]
0.8804985909451892
[ 46  44  52 152  48  48 146 128  80  76]
0.548636022360133
[ 46  72  52 152  48  48 146 280  80  76]
0.607006017124784
[ 90  64  52 152  48  48  58 300  80  76]
0.6889931376133307
[110  80  52 152  48  48  54  56  80  76]
0.0
[ 46  92  52 152  48  48 110 132  80  76]
0.5023985263060411
[ 58  72  52 152  48  48 126 284  80  76]
0.5768982473175694
[ 50  92  52 152  48  48 126 200  80  76]
0.4540858653176558
[ 30  60  52 152  48  48  42 168  80  76]
0.5864935839779322
[122  40  52 152  48  48  98 140  80  76]
0.929945814207541
[122  44  52 152  48  48  38 300  80  76]
0.3218733362048902
[ 90  80  52 152  48  48  50 224  80  76]
0.45970573175604534
[154  84  52 152  48  48  30  80  80  76]
0.0
[ 70  48  52 152  48  48  98 132  80  76]
0.7071262643950458
[ 42  80  52 152  48  48  58 152  80  76]
0.6193484204347162
[ 82  96  52 152  48  48 146  80  80  76]
0.672234448811992
[102  40  52 152  48  48  78  52  80  76]
0.0
[ 62  68  52 152  48  48 110 336  80  76]
0.6044543921970633
[ 46  60  52 152  48  48  62  84  80  76]
0.0
[ 34  84  52 152  48  48 142 324  80  76]
0.5637967147976688
[ 70  84  52 152  48  48  54 220  80  76]
0.4423151572122801
[ 54 100  52 152  48  48 114 192  80  76]
0.4427159579873001
[ 74  44  52 152  48  48  50 156  80  76]
0.841791449486444
[ 38  44  52 152  48  48  46 156  80  76]
0.6292256514559664
[ 94  56  52 152  48  48 110  88  80  76]
0.0
[ 30  88  52 152  48  48  38 276  80  76]
0.4303214940264839
