[30, 42, 52, 152, 48, 48, 63, 74, 80, 76]
-1
[34, 42, 52, 152, 48, 48, 63, 74, 80, 76]
-1
[38, 42, 52, 152, 48, 48, 63, 74, 80, 76]
0.0
[42, 42, 52, 152, 48, 48, 63, 74, 80, 76]
0.0
[46, 42, 52, 152, 48, 48, 63, 74, 80, 76]
0.0
[50, 42, 52, 152, 48, 48, 63, 74, 80, 76]
0.0
[54, 42, 52, 152, 48, 48, 63, 74, 80, 76]
0.0
[58, 42, 52, 152, 48, 48, 63, 74, 80, 76]
0.0
[62, 42, 52, 152, 48, 48, 63, 74, 80, 76]
0.0
[66, 42, 52, 152, 48, 48, 63, 74, 80, 76]
0.0
[70, 42, 52, 152, 48, 48, 63, 74, 80, 76]
0.0
[74, 42, 52, 152, 48, 48, 63, 74, 80, 76]
0.0
[78, 42, 52, 152, 48, 48, 63, 74, 80, 76]
0.0
[82, 42, 52, 152, 48, 48, 63, 74, 80, 76]
0.0
[86, 42, 52, 152, 48, 48, 63, 74, 80, 76]
0.0
[90, 42, 52, 152, 48, 48, 63, 74, 80, 76]
0.0
[94, 42, 52, 152, 48, 48, 63, 74, 80, 76]
0.0
[98, 42, 52, 152, 48, 48, 63, 74, 80, 76]
0.0
[102, 42, 52, 152, 48, 48, 63, 74, 80, 76]
0.0
[106, 42, 52, 152, 48, 48, 63, 74, 80, 76]
0.0
[110, 42, 52, 152, 48, 48, 63, 74, 80, 76]
0.0
[114, 42, 52, 152, 48, 48, 63, 74, 80, 76]
0.0
[118, 42, 52, 152, 48, 48, 63, 74, 80, 76]
0.0
[122, 42, 52, 152, 48, 48, 63, 74, 80, 76]
0.0
[126, 42, 52, 152, 48, 48, 63, 74, 80, 76]
0.0
[130, 42, 52, 152, 48, 48, 63, 74, 80, 76]
0.0
[134, 42, 52, 152, 48, 48, 63, 74, 80, 76]
0.0
[138, 42, 52, 152, 48, 48, 63, 74, 80, 76]
0.0
[142, 42, 52, 152, 48, 48, 63, 74, 80, 76]
0.0
[146, 42, 52, 152, 48, 48, 63, 74, 80, 76]
0.0
[150, 42, 52, 152, 48, 48, 63, 74, 80, 76]
0.0
[154, 42, 52, 152, 48, 48, 63, 74, 80, 76]
0.0
[158, 42, 52, 152, 48, 48, 63, 74, 80, 76]
0.0
[38, 40, 52, 152, 48, 48, 63, 74, 80, 76]
0.0
[38, 44, 52, 152, 48, 48, 63, 74, 80, 76]
0.0
[38, 48, 52, 152, 48, 48, 63, 74, 80, 76]
0.0
[38, 52, 52, 152, 48, 48, 63, 74, 80, 76]
0.0
[38, 56, 52, 152, 48, 48, 63, 74, 80, 76]
0.0
[38, 60, 52, 152, 48, 48, 63, 74, 80, 76]
0.0
[38, 64, 52, 152, 48, 48, 63, 74, 80, 76]
0.0
[38, 68, 52, 152, 48, 48, 63, 74, 80, 76]
0.0
[38, 72, 52, 152, 48, 48, 63, 74, 80, 76]
0.0
[38, 76, 52, 152, 48, 48, 63, 74, 80, 76]
0.0
[38, 80, 52, 152, 48, 48, 63, 74, 80, 76]
0.0
[38, 84, 52, 152, 48, 48, 63, 74, 80, 76]
0.0
[38, 88, 52, 152, 48, 48, 63, 74, 80, 76]
0.0
[38, 92, 52, 152, 48, 48, 63, 74, 80, 76]
0.0
[38, 96, 52, 152, 48, 48, 63, 74, 80, 76]
0.0
[38, 100, 52, 152, 48, 48, 63, 74, 80, 76]
0.0
[38, 40, 52, 152, 48, 48, 30, 74, 80, 76]
0.0
[38, 40, 52, 152, 48, 48, 34, 74, 80, 76]
0.0
[38, 40, 52, 152, 48, 48, 38, 74, 80, 76]
0.0
[38, 40, 52, 152, 48, 48, 42, 74, 80, 76]
0.0
[38, 40, 52, 152, 48, 48, 46, 74, 80, 76]
0.0
[38, 40, 52, 152, 48, 48, 50, 74, 80, 76]
0.0
[38, 40, 52, 152, 48, 48, 54, 74, 80, 76]
0.0
[38, 40, 52, 152, 48, 48, 58, 74, 80, 76]
0.0
[38, 40, 52, 152, 48, 48, 62, 74, 80, 76]
0.0
[38, 40, 52, 152, 48, 48, 66, 74, 80, 76]
0.0
[38, 40, 52, 152, 48, 48, 70, 74, 80, 76]
0.0
[38, 40, 52, 152, 48, 48, 74, 74, 80, 76]
0.9461787007157678
[38, 40, 52, 152, 48, 48, 78, 74, 80, 76]
1.0082658537837106
[38, 40, 52, 152, 48, 48, 82, 74, 80, 76]
1.068429652267457
[38, 40, 52, 152, 48, 48, 86, 74, 80, 76]
1.1253438192471124
[38, 40, 52, 152, 48, 48, 90, 74, 80, 76]
1.1776427917723757
[38, 40, 52, 152, 48, 48, 94, 74, 80, 76]
1.2240851044425516
[38, 40, 52, 152, 48, 48, 98, 74, 80, 76]
1.2637287187923945
[38, 40, 52, 152, 48, 48, 102, 74, 80, 76]
1.2960956443849763
[38, 40, 52, 152, 48, 48, 106, 74, 80, 76]
1.321293305809729
[38, 40, 52, 152, 48, 48, 110, 74, 80, 76]
1.338650107875687
[38, 40, 52, 152, 48, 48, 114, 74, 80, 76]
0.0
[38, 40, 52, 152, 48, 48, 118, 74, 80, 76]
0.0
[38, 40, 52, 152, 48, 48, 122, 74, 80, 76]
0.0
[38, 40, 52, 152, 48, 48, 126, 74, 80, 76]
0.0
[38, 40, 52, 152, 48, 48, 130, 74, 80, 76]
0.0
[38, 40, 52, 152, 48, 48, 134, 74, 80, 76]
0.0
[38, 40, 52, 152, 48, 48, 138, 74, 80, 76]
0.0
[38, 40, 52, 152, 48, 48, 142, 74, 80, 76]
0.0
[38, 40, 52, 152, 48, 48, 146, 74, 80, 76]
0.0
[38, 40, 52, 152, 48, 48, 150, 74, 80, 76]
0.0
[38, 40, 52, 152, 48, 48, 110, 40, 80, 76]
0.0
[38, 40, 52, 152, 48, 48, 110, 44, 80, 76]
0.0
[38, 40, 52, 152, 48, 48, 110, 48, 80, 76]
0.0
[38, 40, 52, 152, 48, 48, 110, 52, 80, 76]
0.0
[38, 40, 52, 152, 48, 48, 110, 56, 80, 76]
0.0
[38, 40, 52, 152, 48, 48, 110, 60, 80, 76]
0.0
[38, 40, 52, 152, 48, 48, 110, 64, 80, 76]
0.9633154987535275
[38, 40, 52, 152, 48, 48, 110, 68, 80, 76]
1.3847970669096359
[38, 40, 52, 152, 48, 48, 110, 72, 80, 76]
1.9597059217775326
[38, 40, 52, 152, 48, 48, 110, 76, 80, 76]
1.6910713157172554
[38, 40, 52, 152, 48, 48, 110, 80, 80, 76]
0.5427716090665027
[38, 40, 52, 152, 48, 48, 110, 84, 80, 76]
0.19257838488582735
[38, 40, 52, 152, 48, 48, 110, 88, 80, 76]
0.5051508901107562
[38, 40, 52, 152, 48, 48, 110, 92, 80, 76]
0.6055299987730094
[38, 40, 52, 152, 48, 48, 110, 96, 80, 76]
0.6224554808565499
[38, 40, 52, 152, 48, 48, 110, 100, 80, 76]
0.6089403153285007
[38, 40, 52, 152, 48, 48, 110, 104, 80, 76]
0.5870613435314367
[38, 40, 52, 152, 48, 48, 110, 108, 80, 76]
0.5639789388470036
[38, 40, 52, 152, 48, 48, 110, 112, 80, 76]
0.5427432310792424
[38, 40, 52, 152, 48, 48, 110, 116, 80, 76]
0.5227915415458748
[38, 40, 52, 152, 48, 48, 110, 120, 80, 76]
0.5057261725070166
[38, 40, 52, 152, 48, 48, 110, 124, 80, 76]
0.49021670261199457
[38, 40, 52, 152, 48, 48, 110, 128, 80, 76]
0.47670367929038515
[38, 40, 52, 152, 48, 48, 110, 132, 80, 76]
0.4649883183562584
[38, 40, 52, 152, 48, 48, 110, 136, 80, 76]
0.45488408005847925
[38, 40, 52, 152, 48, 48, 110, 140, 80, 76]
0.4462240598211764
[38, 40, 52, 152, 48, 48, 110, 144, 80, 76]
0.43885907368690535
[38, 40, 52, 152, 48, 48, 110, 148, 80, 76]
0.43265757589051956
[38, 40, 52, 152, 48, 48, 110, 152, 80, 76]
0.42750111207025654
[38, 40, 52, 152, 48, 48, 110, 156, 80, 76]
0.42327723693587305
[38, 40, 52, 152, 48, 48, 110, 160, 80, 76]
0.41988253827538435
[38, 40, 52, 152, 48, 48, 110, 164, 80, 76]
0.41722443652586194
[38, 40, 52, 152, 48, 48, 110, 168, 80, 76]
0.41521883536792403
[38, 40, 52, 152, 48, 48, 110, 172, 80, 76]
0.4137759018315228
[38, 40, 52, 152, 48, 48, 110, 176, 80, 76]
0.41277366649320846
[38, 40, 52, 152, 48, 48, 110, 180, 80, 76]
0.41203684783515837
[38, 40, 52, 152, 48, 48, 110, 184, 80, 76]
0.4113708459744134
[38, 40, 52, 152, 48, 48, 110, 188, 80, 76]
0.4106890986093128
[38, 40, 52, 152, 48, 48, 110, 192, 80, 76]
0.41019439423824844
[38, 40, 52, 152, 48, 48, 110, 196, 80, 76]
0.41043623345871616
[38, 40, 52, 152, 48, 48, 110, 200, 80, 76]
0.41206136139523575
[38, 40, 52, 152, 48, 48, 110, 204, 80, 76]
0.41535745811754543
[38, 40, 52, 152, 48, 48, 110, 208, 80, 76]
0.42003217084934774
[38, 40, 52, 152, 48, 48, 110, 212, 80, 76]
0.42492977303530544
[38, 40, 52, 152, 48, 48, 110, 216, 80, 76]
0.4314514072628657
[38, 40, 52, 152, 48, 48, 110, 220, 80, 76]
0.4376131784806587
[38, 40, 52, 152, 48, 48, 110, 224, 80, 76]
0.4438124148920466
[38, 40, 52, 152, 48, 48, 110, 228, 80, 76]
0.4496107890688792
[38, 40, 52, 152, 48, 48, 110, 232, 80, 76]
-1
[38, 40, 52, 152, 48, 48, 110, 236, 80, 76]
-1
[38, 40, 52, 152, 48, 48, 110, 240, 80, 76]
-1
[38, 40, 52, 152, 48, 48, 110, 244, 80, 76]
-1
[38, 40, 52, 152, 48, 48, 110, 248, 80, 76]
-1
[38, 40, 52, 152, 48, 48, 110, 252, 80, 76]
-1
[38, 40, 52, 152, 48, 48, 110, 256, 80, 76]
-1
[38, 40, 52, 152, 48, 48, 110, 260, 80, 76]
-1
[38, 40, 52, 152, 48, 48, 110, 264, 80, 76]
-1
[38, 40, 52, 152, 48, 48, 110, 268, 80, 76]
-1
[38, 40, 52, 152, 48, 48, 110, 272, 80, 76]
-1
[38, 40, 52, 152, 48, 48, 110, 276, 80, 76]
-1
[38, 40, 52, 152, 48, 48, 110, 280, 80, 76]
-1
[38, 40, 52, 152, 48, 48, 110, 284, 80, 76]
-1
[38, 40, 52, 152, 48, 48, 110, 288, 80, 76]
-1
[38, 40, 52, 152, 48, 48, 110, 292, 80, 76]
-1
[38, 40, 52, 152, 48, 48, 110, 296, 80, 76]
-1
[38, 40, 52, 152, 48, 48, 110, 300, 80, 76]
-1
[38, 40, 52, 152, 48, 48, 110, 304, 80, 76]
-1
[38, 40, 52, 152, 48, 48, 110, 308, 80, 76]
-1
[38, 40, 52, 152, 48, 48, 110, 312, 80, 76]
-1
[38, 40, 52, 152, 48, 48, 110, 316, 80, 76]
-1
[38, 40, 52, 152, 48, 48, 110, 320, 80, 76]
-1
[38, 40, 52, 152, 48, 48, 110, 324, 80, 76]
-1
[38, 40, 52, 152, 48, 48, 110, 328, 80, 76]
-1
[38, 40, 52, 152, 48, 48, 110, 332, 80, 76]
-1
[38, 40, 52, 152, 48, 48, 110, 336, 80, 76]
-1
[38, 40, 52, 152, 48, 48, 110, 340, 80, 76]
-1
[30, 40, 52, 152, 48, 48, 110, 72, 80, 76]
1.8497754630498662
[34, 40, 52, 152, 48, 48, 110, 72, 80, 76]
1.9058282298042437
[38, 40, 52, 152, 48, 48, 110, 72, 80, 76]
1.9597059217775326
[42, 40, 52, 152, 48, 48, 110, 72, 80, 76]
2.0085397035705475
[46, 40, 52, 152, 48, 48, 110, 72, 80, 76]
2.0491893112946005
[50, 40, 52, 152, 48, 48, 110, 72, 80, 76]
2.07896249399413
[54, 40, 52, 152, 48, 48, 110, 72, 80, 76]
2.095929220710291
[58, 40, 52, 152, 48, 48, 110, 72, 80, 76]
2.098317259165615
[62, 40, 52, 152, 48, 48, 110, 72, 80, 76]
2.0857626365842026
[66, 40, 52, 152, 48, 48, 110, 72, 80, 76]
2.059025238278468
[70, 40, 52, 152, 48, 48, 110, 72, 80, 76]
2.019799374155582
[74, 40, 52, 152, 48, 48, 110, 72, 80, 76]
1.9703568369442985
[78, 40, 52, 152, 48, 48, 110, 72, 80, 76]
1.9131463869769387
[82, 40, 52, 152, 48, 48, 110, 72, 80, 76]
1.8504349911822464
[86, 40, 52, 152, 48, 48, 110, 72, 80, 76]
1.7838997195982182
[58, 40, 52, 152, 48, 48, 110, 72, 80, 76]
2.098317259165615
[58, 44, 52, 152, 48, 48, 110, 72, 80, 76]
1.9581724617939016
[58, 48, 52, 152, 48, 48, 110, 72, 80, 76]
1.8312771096189957
[58, 52, 52, 152, 48, 48, 110, 72, 80, 76]
1.7339176320961136
[58, 56, 52, 152, 48, 48, 110, 72, 80, 76]
1.6548482944827194
[58, 60, 52, 152, 48, 48, 110, 72, 80, 76]
1.5808665611405655
[58, 64, 52, 152, 48, 48, 110, 72, 80, 76]
1.5043807097707012
[58, 68, 52, 152, 48, 48, 110, 72, 80, 76]
1.4413683098539516
[58, 72, 52, 152, 48, 48, 110, 72, 80, 76]
1.389282117120786
[58, 76, 52, 152, 48, 48, 110, 72, 80, 76]
1.3449585068235996
[58, 80, 52, 152, 48, 48, 110, 72, 80, 76]
1.3079466655044545
[58, 84, 52, 152, 48, 48, 110, 72, 80, 76]
1.2712875636500645
[58, 88, 52, 152, 48, 48, 110, 72, 80, 76]
1.2411529259839682
[58, 40, 52, 152, 48, 48, 62, 72, 80, 76]
0.0
[58, 40, 52, 152, 48, 48, 66, 72, 80, 76]
0.0
[58, 40, 52, 152, 48, 48, 70, 72, 80, 76]
0.0
[58, 40, 52, 152, 48, 48, 74, 72, 80, 76]
0.0
[58, 40, 52, 152, 48, 48, 78, 72, 80, 76]
0.0
[58, 40, 52, 152, 48, 48, 82, 72, 80, 76]
1.7839002682307803
[58, 40, 52, 152, 48, 48, 86, 72, 80, 76]
1.8504347380006485
[58, 40, 52, 152, 48, 48, 90, 72, 80, 76]
1.9131466484758586
[58, 40, 52, 152, 48, 48, 94, 72, 80, 76]
1.9703573476694554
[58, 40, 52, 152, 48, 48, 98, 72, 80, 76]
2.019799529458003
[58, 40, 52, 152, 48, 48, 102, 72, 80, 76]
2.05902566280178
[58, 40, 52, 152, 48, 48, 106, 72, 80, 76]
2.0857632864787843
[58, 40, 52, 152, 48, 48, 110, 72, 80, 76]
2.098317259165615
[58, 40, 52, 152, 48, 48, 114, 72, 80, 76]
2.095928717270952
[58, 40, 52, 152, 48, 48, 118, 72, 80, 76]
2.0789623119884233
[58, 40, 52, 152, 48, 48, 122, 72, 80, 76]
2.049180382874259
[58, 40, 52, 152, 48, 48, 126, 72, 80, 76]
2.008326195613551
[58, 40, 52, 152, 48, 48, 130, 72, 80, 76]
1.9597062725429666
[58, 40, 52, 152, 48, 48, 134, 72, 80, 76]
1.90582787701203
[58, 40, 52, 152, 48, 48, 138, 72, 80, 76]
1.8497747151007942
[58, 40, 52, 152, 48, 48, 142, 72, 80, 76]
1.7935903303708236
[58, 40, 52, 152, 48, 48, 146, 72, 80, 76]
1.738956934258339
[58, 40, 52, 152, 48, 48, 150, 72, 80, 76]
1.6876845339398256
[58, 40, 52, 152, 48, 48, 110, 40, 80, 76]
0.0
[58, 40, 52, 152, 48, 48, 110, 44, 80, 76]
0.0
[58, 40, 52, 152, 48, 48, 110, 48, 80, 76]
0.0
[58, 40, 52, 152, 48, 48, 110, 52, 80, 76]
0.0
[58, 40, 52, 152, 48, 48, 110, 56, 80, 76]
0.0
[58, 40, 52, 152, 48, 48, 110, 60, 80, 76]
0.0
[58, 40, 52, 152, 48, 48, 110, 64, 80, 76]
0.0
[58, 40, 52, 152, 48, 48, 110, 68, 80, 76]
1.3775517729403983
[58, 40, 52, 152, 48, 48, 110, 72, 80, 76]
2.098317259165615
[58, 40, 52, 152, 48, 48, 110, 76, 80, 76]
2.397181507621077
[58, 40, 52, 152, 48, 48, 110, 80, 80, 76]
0.9650079675764318
[58, 40, 52, 152, 48, 48, 110, 84, 80, 76]
0.08104982253732773
[58, 40, 52, 152, 48, 48, 110, 88, 80, 76]
0.5540018938645082
[58, 40, 52, 152, 48, 48, 110, 92, 80, 76]
0.7085556601804797
[58, 40, 52, 152, 48, 48, 110, 96, 80, 76]
-1
[58, 40, 52, 152, 48, 48, 110, 100, 80, 76]
-1
[58, 40, 52, 152, 48, 48, 110, 104, 80, 76]
-1
[58, 40, 52, 152, 48, 48, 110, 108, 80, 76]
0.6424226048717754
[58, 40, 52, 152, 48, 48, 110, 112, 80, 76]
0.6092646194157301
[58, 40, 52, 152, 48, 48, 110, 116, 80, 76]
0.5791153924915897
[58, 40, 52, 152, 48, 48, 110, 120, 80, 76]
0.5524647589360043
[30, 40, 52, 152, 48, 48, 110, 76, 80, 76]
1.4536643752159293
[34, 40, 52, 152, 48, 48, 110, 76, 80, 76]
1.5685763978106326
[38, 40, 52, 152, 48, 48, 110, 76, 80, 76]
1.6910713157172554
[42, 40, 52, 152, 48, 48, 110, 76, 80, 76]
1.8214658121381193
[46, 40, 52, 152, 48, 48, 110, 76, 80, 76]
1.9589669716622584
[50, 40, 52, 152, 48, 48, 110, 76, 80, 76]
2.1025108735238787
[54, 40, 52, 152, 48, 48, 110, 76, 80, 76]
2.2497770730444353
[58, 40, 52, 152, 48, 48, 110, 76, 80, 76]
2.397181507621077
[62, 40, 52, 152, 48, 48, 110, 76, 80, 76]
2.539422499797941
[66, 40, 52, 152, 48, 48, 110, 76, 80, 76]
2.6693624837319465
[70, 40, 52, 152, 48, 48, 110, 76, 80, 76]
2.7784298699076566
[74, 40, 52, 152, 48, 48, 110, 76, 80, 76]
2.857908429381937
[78, 40, 52, 152, 48, 48, 110, 76, 80, 76]
2.900997352473551
[82, 40, 52, 152, 48, 48, 110, 76, 80, 76]
2.9048253531504886
[86, 40, 52, 152, 48, 48, 110, 76, 80, 76]
2.871189074611622
[90, 40, 52, 152, 48, 48, 110, 76, 80, 76]
0.0
[94, 40, 52, 152, 48, 48, 110, 76, 80, 76]
0.0
[98, 40, 52, 152, 48, 48, 110, 76, 80, 76]
0.0
[102, 40, 52, 152, 48, 48, 110, 76, 80, 76]
0.0
[106, 40, 52, 152, 48, 48, 110, 76, 80, 76]
0.0
[110, 40, 52, 152, 48, 48, 110, 76, 80, 76]
0.0
[114, 40, 52, 152, 48, 48, 110, 76, 80, 76]
0.0
[118, 40, 52, 152, 48, 48, 110, 76, 80, 76]
0.0
[122, 40, 52, 152, 48, 48, 110, 76, 80, 76]
0.0
[126, 40, 52, 152, 48, 48, 110, 76, 80, 76]
0.0
[130, 40, 52, 152, 48, 48, 110, 76, 80, 76]
0.0
[134, 40, 52, 152, 48, 48, 110, 76, 80, 76]
0.0
[138, 40, 52, 152, 48, 48, 110, 76, 80, 76]
0.0
[142, 40, 52, 152, 48, 48, 110, 76, 80, 76]
0.0
[146, 40, 52, 152, 48, 48, 110, 76, 80, 76]
0.0
[150, 40, 52, 152, 48, 48, 110, 76, 80, 76]
0.0
[154, 40, 52, 152, 48, 48, 110, 76, 80, 76]
0.0
[158, 40, 52, 152, 48, 48, 110, 76, 80, 76]
0.0
[82, 40, 52, 152, 48, 48, 110, 76, 80, 76]
2.9048253531504886
[82, 44, 52, 152, 48, 48, 110, 76, 80, 76]
2.736034604665954
[82, 48, 52, 152, 48, 48, 110, 76, 80, 76]
0.0
[82, 52, 52, 152, 48, 48, 110, 76, 80, 76]
0.0
[82, 56, 52, 152, 48, 48, 110, 76, 80, 76]
0.0
[82, 60, 52, 152, 48, 48, 110, 76, 80, 76]
0.0
[82, 64, 52, 152, 48, 48, 110, 76, 80, 76]
0.0
[82, 68, 52, 152, 48, 48, 110, 76, 80, 76]
0.0
[82, 72, 52, 152, 48, 48, 110, 76, 80, 76]
0.0
[82, 76, 52, 152, 48, 48, 110, 76, 80, 76]
0.0
[82, 80, 52, 152, 48, 48, 110, 76, 80, 76]
0.0
[82, 84, 52, 152, 48, 48, 110, 76, 80, 76]
0.0
[82, 88, 52, 152, 48, 48, 110, 76, 80, 76]
0.0
[82, 92, 52, 152, 48, 48, 110, 76, 80, 76]
0.0
[82, 96, 52, 152, 48, 48, 110, 76, 80, 76]
0.0
[82, 100, 52, 152, 48, 48, 110, 76, 80, 76]
0.0
[82, 40, 52, 152, 48, 48, 30, 76, 80, 76]
0.0
[82, 40, 52, 152, 48, 48, 34, 76, 80, 76]
0.0
[82, 40, 52, 152, 48, 48, 38, 76, 80, 76]
0.0
[82, 40, 52, 152, 48, 48, 42, 76, 80, 76]
0.0
[82, 40, 52, 152, 48, 48, 46, 76, 80, 76]
0.0
[82, 40, 52, 152, 48, 48, 50, 76, 80, 76]
0.0
[82, 40, 52, 152, 48, 48, 54, 76, 80, 76]
0.0
[82, 40, 52, 152, 48, 48, 58, 76, 80, 76]
0.0
[82, 40, 52, 152, 48, 48, 62, 76, 80, 76]
0.0
[82, 40, 52, 152, 48, 48, 66, 76, 80, 76]
0.0
[82, 40, 52, 152, 48, 48, 70, 76, 80, 76]
0.0
[82, 40, 52, 152, 48, 48, 74, 76, 80, 76]
0.0
[82, 40, 52, 152, 48, 48, 78, 76, 80, 76]
0.0
[82, 40, 52, 152, 48, 48, 82, 76, 80, 76]
0.0
[82, 40, 52, 152, 48, 48, 86, 76, 80, 76]
0.0
[82, 40, 52, 152, 48, 48, 90, 76, 80, 76]
0.0
[82, 40, 52, 152, 48, 48, 94, 76, 80, 76]
0.0
[82, 40, 52, 152, 48, 48, 98, 76, 80, 76]
0.0
[82, 40, 52, 152, 48, 48, 102, 76, 80, 76]
0.0
[82, 40, 52, 152, 48, 48, 106, 76, 80, 76]
2.8711889828260007
[82, 40, 52, 152, 48, 48, 110, 76, 80, 76]
2.9048253531504886
[82, 40, 52, 152, 48, 48, 114, 76, 80, 76]
2.90099698405103
[82, 40, 52, 152, 48, 48, 118, 76, 80, 76]
2.8577908477373906
[82, 40, 52, 152, 48, 48, 122, 76, 80, 76]
2.778299812650097
[82, 40, 52, 152, 48, 48, 126, 76, 80, 76]
2.6693628694669926
[82, 40, 52, 152, 48, 48, 130, 76, 80, 76]
2.5394238144692567
[82, 40, 52, 152, 48, 48, 134, 76, 80, 76]
2.3971806326813057
[82, 40, 52, 152, 48, 48, 138, 76, 80, 76]
2.2497767060109797
[82, 40, 52, 152, 48, 48, 142, 76, 80, 76]
2.1025110164103133
[82, 40, 52, 152, 48, 48, 146, 76, 80, 76]
1.958966337562476
[82, 40, 52, 152, 48, 48, 150, 76, 80, 76]
1.8214663477883324
[82, 40, 52, 152, 48, 48, 110, 40, 80, 76]
0.0
[82, 40, 52, 152, 48, 48, 110, 44, 80, 76]
0.0
[82, 40, 52, 152, 48, 48, 110, 48, 80, 76]
0.0
[82, 40, 52, 152, 48, 48, 110, 52, 80, 76]
0.0
[82, 40, 52, 152, 48, 48, 110, 56, 80, 76]
0.0
[82, 40, 52, 152, 48, 48, 110, 60, 80, 76]
0.0
[82, 40, 52, 152, 48, 48, 110, 64, 80, 76]
0.0
[82, 40, 52, 152, 48, 48, 110, 68, 80, 76]
0.0
[82, 40, 52, 152, 48, 48, 110, 72, 80, 76]
1.8504349911822464
[82, 40, 52, 152, 48, 48, 110, 76, 80, 76]
2.9048253531504886
[82, 40, 52, 152, 48, 48, 110, 80, 80, 76]
0.0
[82, 40, 52, 152, 48, 48, 110, 84, 80, 76]
0.0
[82, 40, 52, 152, 48, 48, 110, 88, 80, 76]
0.0
[82, 40, 52, 152, 48, 48, 110, 92, 80, 76]
0.0
[82, 40, 52, 152, 48, 48, 110, 96, 80, 76]
1.0839416452193036
[82, 40, 52, 152, 48, 48, 110, 100, 80, 76]
1.0216831839707337
[82, 40, 52, 152, 48, 48, 110, 104, 80, 76]
0.9481727144871268
[82, 40, 52, 152, 48, 48, 110, 108, 80, 76]
0.8789509558727628
[82, 40, 52, 152, 48, 48, 110, 112, 80, 76]
0.817073085202807
[82, 40, 52, 152, 48, 48, 110, 116, 80, 76]
0.7629326268960401
[82, 40, 52, 152, 48, 48, 110, 120, 80, 76]
0.7155158541828108
[82, 40, 52, 152, 48, 48, 110, 124, 80, 76]
0.67374184282162
[82, 40, 52, 152, 48, 48, 110, 128, 80, 76]
0.6370439922175948
[82, 40, 52, 152, 48, 48, 110, 132, 80, 76]
0.6045333751105475
[82, 40, 52, 152, 48, 48, 110, 136, 80, 76]
0.5756084135310118
[82, 40, 52, 152, 48, 48, 110, 140, 80, 76]
0.5497907738497922
[82, 40, 52, 152, 48, 48, 110, 144, 80, 76]
0.5267037742089693
[82, 40, 52, 152, 48, 48, 110, 148, 80, 76]
0.5059632563089727
[82, 40, 52, 152, 48, 48, 110, 152, 80, 76]
0.4872920798781144
[82, 40, 52, 152, 48, 48, 110, 156, 80, 76]
0.47046312847083716
[82, 40, 52, 152, 48, 48, 110, 160, 80, 76]
0.4552783446688553
[82, 40, 52, 152, 48, 48, 110, 164, 80, 76]
0.44162673896317517
[82, 40, 52, 152, 48, 48, 110, 168, 80, 76]
0.4293664350377966
[82, 40, 52, 152, 48, 48, 110, 172, 80, 76]
0.4183510157819761
[82, 40, 52, 152, 48, 48, 110, 176, 80, 76]
0.4083520322673153
[82, 40, 52, 152, 48, 48, 110, 180, 80, 76]
0.3990024669459955
[82, 40, 52, 152, 48, 48, 110, 184, 80, 76]
0.38979461367421164
[82, 40, 52, 152, 48, 48, 110, 188, 80, 76]
0.3795244476508841
[82, 40, 52, 152, 48, 48, 110, 192, 80, 76]
0.36921715207969386
[82, 40, 52, 152, 48, 48, 110, 196, 80, 76]
0.35839630408105183
[82, 40, 52, 152, 48, 48, 110, 200, 80, 76]
0.3477645043949318
[82, 40, 52, 152, 48, 48, 110, 204, 80, 76]
0.3381575052927164
[82, 40, 52, 152, 48, 48, 110, 208, 80, 76]
0.3302304756736907
[82, 40, 52, 152, 48, 48, 110, 212, 80, 76]
0.3239136171241468
[82, 40, 52, 152, 48, 48, 110, 216, 80, 76]
0.3181311233746533
[82, 40, 52, 152, 48, 48, 110, 220, 80, 76]
0.3142098789394667
[82, 40, 52, 152, 48, 48, 110, 224, 80, 76]
0.3126903187651482
[82, 40, 52, 152, 48, 48, 110, 228, 80, 76]
0.31310008100152165
[82, 40, 52, 152, 48, 48, 110, 232, 80, 76]
-1
[82, 40, 52, 152, 48, 48, 110, 236, 80, 76]
-1
[82, 40, 52, 152, 48, 48, 110, 240, 80, 76]
-1
[82, 40, 52, 152, 48, 48, 110, 244, 80, 76]
-1
[82, 40, 52, 152, 48, 48, 110, 248, 80, 76]
-1
[82, 40, 52, 152, 48, 48, 110, 252, 80, 76]
-1
[82, 40, 52, 152, 48, 48, 110, 256, 80, 76]
-1
[82, 40, 52, 152, 48, 48, 110, 260, 80, 76]
-1
[82, 40, 52, 152, 48, 48, 110, 264, 80, 76]
-1
[82, 40, 52, 152, 48, 48, 110, 268, 80, 76]
-1
[82, 40, 52, 152, 48, 48, 110, 272, 80, 76]
-1
[82, 40, 52, 152, 48, 48, 110, 276, 80, 76]
-1
[82, 40, 52, 152, 48, 48, 110, 280, 80, 76]
-1
[82, 40, 52, 152, 48, 48, 110, 284, 80, 76]
-1
[82, 40, 52, 152, 48, 48, 110, 288, 80, 76]
-1
[82, 40, 52, 152, 48, 48, 110, 292, 80, 76]
-1
[82, 40, 52, 152, 48, 48, 110, 296, 80, 76]
-1
[82, 40, 52, 152, 48, 48, 110, 300, 80, 76]
-1
[82, 40, 52, 152, 48, 48, 110, 304, 80, 76]
-1
[82, 40, 52, 152, 48, 48, 110, 308, 80, 76]
-1
[82, 40, 52, 152, 48, 48, 110, 312, 80, 76]
-1
[82, 40, 52, 152, 48, 48, 110, 316, 80, 76]
-1
[82, 40, 52, 152, 48, 48, 110, 320, 80, 76]
-1
[82, 40, 52, 152, 48, 48, 110, 324, 80, 76]
-1
[82, 40, 52, 152, 48, 48, 110, 328, 80, 76]
-1
[82, 40, 52, 152, 48, 48, 110, 332, 80, 76]
-1
[82, 40, 52, 152, 48, 48, 110, 336, 80, 76]
-1
[82, 40, 52, 152, 48, 48, 110, 340, 80, 76]
-1
[34, 40, 52, 152, 48, 48, 110, 76, 80, 76]
1.5685763978106326
[38, 40, 52, 152, 48, 48, 110, 76, 80, 76]
1.6910713157172554
[42, 40, 52, 152, 48, 48, 110, 76, 80, 76]
1.8214658121381193
[46, 40, 52, 152, 48, 48, 110, 76, 80, 76]
1.9589669716622584
[50, 40, 52, 152, 48, 48, 110, 76, 80, 76]
2.1025108735238787
[54, 40, 52, 152, 48, 48, 110, 76, 80, 76]
2.2497770730444353
[58, 40, 52, 152, 48, 48, 110, 76, 80, 76]
2.397181507621077
[62, 40, 52, 152, 48, 48, 110, 76, 80, 76]
2.539422499797941
[66, 40, 52, 152, 48, 48, 110, 76, 80, 76]
2.6693624837319465
[70, 40, 52, 152, 48, 48, 110, 76, 80, 76]
2.7784298699076566
[74, 40, 52, 152, 48, 48, 110, 76, 80, 76]
2.857908429381937
[78, 40, 52, 152, 48, 48, 110, 76, 80, 76]
2.900997352473551
[82, 40, 52, 152, 48, 48, 110, 76, 80, 76]
2.9048253531504886
[86, 40, 52, 152, 48, 48, 110, 76, 80, 76]
2.871189074611622
[90, 40, 52, 152, 48, 48, 110, 76, 80, 76]
0.0
[94, 40, 52, 152, 48, 48, 110, 76, 80, 76]
0.0
[98, 40, 52, 152, 48, 48, 110, 76, 80, 76]
0.0
[102, 40, 52, 152, 48, 48, 110, 76, 80, 76]
0.0
[106, 40, 52, 152, 48, 48, 110, 76, 80, 76]
0.0
[110, 40, 52, 152, 48, 48, 110, 76, 80, 76]
0.0
[114, 40, 52, 152, 48, 48, 110, 76, 80, 76]
0.0
[118, 40, 52, 152, 48, 48, 110, 76, 80, 76]
0.0
[122, 40, 52, 152, 48, 48, 110, 76, 80, 76]
0.0
[126, 40, 52, 152, 48, 48, 110, 76, 80, 76]
0.0
[130, 40, 52, 152, 48, 48, 110, 76, 80, 76]
0.0
[82, 40, 52, 152, 48, 48, 110, 76, 80, 76]
2.9048253531504886
[82, 44, 52, 152, 48, 48, 110, 76, 80, 76]
2.736034604665954
[82, 48, 52, 152, 48, 48, 110, 76, 80, 76]
0.0
[82, 52, 52, 152, 48, 48, 110, 76, 80, 76]
0.0
[82, 56, 52, 152, 48, 48, 110, 76, 80, 76]
0.0
[82, 60, 52, 152, 48, 48, 110, 76, 80, 76]
0.0
[82, 64, 52, 152, 48, 48, 110, 76, 80, 76]
0.0
[82, 68, 52, 152, 48, 48, 110, 76, 80, 76]
0.0
[82, 72, 52, 152, 48, 48, 110, 76, 80, 76]
0.0
[82, 76, 52, 152, 48, 48, 110, 76, 80, 76]
0.0
[82, 80, 52, 152, 48, 48, 110, 76, 80, 76]
0.0
[82, 84, 52, 152, 48, 48, 110, 76, 80, 76]
0.0
[82, 88, 52, 152, 48, 48, 110, 76, 80, 76]
0.0
[82, 40, 52, 152, 48, 48, 62, 76, 80, 76]
0.0
[82, 40, 52, 152, 48, 48, 66, 76, 80, 76]
0.0
[82, 40, 52, 152, 48, 48, 70, 76, 80, 76]
0.0
[82, 40, 52, 152, 48, 48, 74, 76, 80, 76]
0.0
[82, 40, 52, 152, 48, 48, 78, 76, 80, 76]
0.0
[82, 40, 52, 152, 48, 48, 82, 76, 80, 76]
0.0
[82, 40, 52, 152, 48, 48, 86, 76, 80, 76]
0.0
[82, 40, 52, 152, 48, 48, 90, 76, 80, 76]
0.0
[82, 40, 52, 152, 48, 48, 94, 76, 80, 76]
0.0
[82, 40, 52, 152, 48, 48, 98, 76, 80, 76]
0.0
[82, 40, 52, 152, 48, 48, 102, 76, 80, 76]
0.0
[82, 40, 52, 152, 48, 48, 106, 76, 80, 76]
2.8711889828260007
[82, 40, 52, 152, 48, 48, 110, 76, 80, 76]
2.9048253531504886
[82, 40, 52, 152, 48, 48, 114, 76, 80, 76]
2.90099698405103
[82, 40, 52, 152, 48, 48, 118, 76, 80, 76]
2.8577908477373906
[82, 40, 52, 152, 48, 48, 122, 76, 80, 76]
2.778299812650097
[82, 40, 52, 152, 48, 48, 126, 76, 80, 76]
2.6693628694669926
[82, 40, 52, 152, 48, 48, 130, 76, 80, 76]
2.5394238144692567
[82, 40, 52, 152, 48, 48, 134, 76, 80, 76]
2.3971806326813057
[82, 40, 52, 152, 48, 48, 138, 76, 80, 76]
2.2497767060109797
[82, 40, 52, 152, 48, 48, 142, 76, 80, 76]
2.1025110164103133
[82, 40, 52, 152, 48, 48, 146, 76, 80, 76]
1.958966337562476
[82, 40, 52, 152, 48, 48, 150, 76, 80, 76]
1.8214663477883324
[82, 40, 52, 152, 48, 48, 110, 40, 80, 76]
0.0
[82, 40, 52, 152, 48, 48, 110, 44, 80, 76]
0.0
[82, 40, 52, 152, 48, 48, 110, 48, 80, 76]
0.0
[82, 40, 52, 152, 48, 48, 110, 52, 80, 76]
0.0
[82, 40, 52, 152, 48, 48, 110, 56, 80, 76]
0.0
[82, 40, 52, 152, 48, 48, 110, 60, 80, 76]
0.0
[82, 40, 52, 152, 48, 48, 110, 64, 80, 76]
0.0
[82, 40, 52, 152, 48, 48, 110, 68, 80, 76]
0.0
[82, 40, 52, 152, 48, 48, 110, 72, 80, 76]
1.8504349911822464
[82, 40, 52, 152, 48, 48, 110, 76, 80, 76]
2.9048253531504886
[82, 40, 52, 152, 48, 48, 110, 80, 80, 76]
0.0
[82, 40, 52, 152, 48, 48, 110, 84, 80, 76]
0.0
[82, 40, 52, 152, 48, 48, 110, 88, 80, 76]
0.0
[82, 40, 52, 152, 48, 48, 110, 92, 80, 76]
0.0
[82, 40, 52, 152, 48, 48, 110, 96, 80, 76]
1.0839416452193036
[82, 40, 52, 152, 48, 48, 110, 100, 80, 76]
1.0216831839707337
[82, 40, 52, 152, 48, 48, 110, 104, 80, 76]
0.9481727144871268
[82, 40, 52, 152, 48, 48, 110, 108, 80, 76]
0.8789509558727628
[82, 40, 52, 152, 48, 48, 110, 112, 80, 76]
0.817073085202807
[82, 40, 52, 152, 48, 48, 110, 116, 80, 76]
0.7629326268960401
[82, 40, 52, 152, 48, 48, 110, 120, 80, 76]
0.7155158541828108
[82, 40, 52, 152, 48, 48, 110, 124, 80, 76]
0.67374184282162
[30, 40, 52, 152, 48, 48, 110, 76, 80, 76]
1.4536643752159293
[34, 40, 52, 152, 48, 48, 110, 76, 80, 76]
1.5685763978106326
[38, 40, 52, 152, 48, 48, 110, 76, 80, 76]
1.6910713157172554
[42, 40, 52, 152, 48, 48, 110, 76, 80, 76]
1.8214658121381193
[46, 40, 52, 152, 48, 48, 110, 76, 80, 76]
1.9589669716622584
[50, 40, 52, 152, 48, 48, 110, 76, 80, 76]
2.1025108735238787
[54, 40, 52, 152, 48, 48, 110, 76, 80, 76]
2.2497770730444353
[58, 40, 52, 152, 48, 48, 110, 76, 80, 76]
2.397181507621077
[62, 40, 52, 152, 48, 48, 110, 76, 80, 76]
2.539422499797941
[66, 40, 52, 152, 48, 48, 110, 76, 80, 76]
2.6693624837319465
[70, 40, 52, 152, 48, 48, 110, 76, 80, 76]
2.7784298699076566
[74, 40, 52, 152, 48, 48, 110, 76, 80, 76]
2.857908429381937
[78, 40, 52, 152, 48, 48, 110, 76, 80, 76]
2.900997352473551
[82, 40, 52, 152, 48, 48, 110, 76, 80, 76]
2.9048253531504886
[86, 40, 52, 152, 48, 48, 110, 76, 80, 76]
2.871189074611622
[90, 40, 52, 152, 48, 48, 110, 76, 80, 76]
0.0
[94, 40, 52, 152, 48, 48, 110, 76, 80, 76]
0.0
[98, 40, 52, 152, 48, 48, 110, 76, 80, 76]
0.0
[102, 40, 52, 152, 48, 48, 110, 76, 80, 76]
0.0
[106, 40, 52, 152, 48, 48, 110, 76, 80, 76]
0.0
[110, 40, 52, 152, 48, 48, 110, 76, 80, 76]
0.0
[114, 40, 52, 152, 48, 48, 110, 76, 80, 76]
0.0
[118, 40, 52, 152, 48, 48, 110, 76, 80, 76]
0.0
[122, 40, 52, 152, 48, 48, 110, 76, 80, 76]
0.0
[126, 40, 52, 152, 48, 48, 110, 76, 80, 76]
0.0
[130, 40, 52, 152, 48, 48, 110, 76, 80, 76]
0.0
[134, 40, 52, 152, 48, 48, 110, 76, 80, 76]
0.0
[138, 40, 52, 152, 48, 48, 110, 76, 80, 76]
0.0
[142, 40, 52, 152, 48, 48, 110, 76, 80, 76]
0.0
[146, 40, 52, 152, 48, 48, 110, 76, 80, 76]
0.0
[150, 40, 52, 152, 48, 48, 110, 76, 80, 76]
0.0
[154, 40, 52, 152, 48, 48, 110, 76, 80, 76]
0.0
[158, 40, 52, 152, 48, 48, 110, 76, 80, 76]
0.0
[82, 40, 52, 152, 48, 48, 110, 76, 80, 76]
2.9048253531504886
[82, 44, 52, 152, 48, 48, 110, 76, 80, 76]
2.736034604665954
[82, 48, 52, 152, 48, 48, 110, 76, 80, 76]
0.0
[82, 52, 52, 152, 48, 48, 110, 76, 80, 76]
0.0
[82, 56, 52, 152, 48, 48, 110, 76, 80, 76]
0.0
[82, 60, 52, 152, 48, 48, 110, 76, 80, 76]
0.0
[82, 64, 52, 152, 48, 48, 110, 76, 80, 76]
0.0
[82, 68, 52, 152, 48, 48, 110, 76, 80, 76]
0.0
[82, 72, 52, 152, 48, 48, 110, 76, 80, 76]
0.0
[82, 76, 52, 152, 48, 48, 110, 76, 80, 76]
0.0
[82, 80, 52, 152, 48, 48, 110, 76, 80, 76]
0.0
[82, 84, 52, 152, 48, 48, 110, 76, 80, 76]
0.0
[82, 88, 52, 152, 48, 48, 110, 76, 80, 76]
0.0
[82, 92, 52, 152, 48, 48, 110, 76, 80, 76]
0.0
[82, 96, 52, 152, 48, 48, 110, 76, 80, 76]
0.0
[82, 100, 52, 152, 48, 48, 110, 76, 80, 76]
0.0
[82, 40, 52, 152, 48, 48, 30, 76, 80, 76]
0.0
[82, 40, 52, 152, 48, 48, 34, 76, 80, 76]
0.0
[82, 40, 52, 152, 48, 48, 38, 76, 80, 76]
0.0
[82, 40, 52, 152, 48, 48, 42, 76, 80, 76]
0.0
[82, 40, 52, 152, 48, 48, 46, 76, 80, 76]
0.0
[82, 40, 52, 152, 48, 48, 50, 76, 80, 76]
0.0
[82, 40, 52, 152, 48, 48, 54, 76, 80, 76]
0.0
[82, 40, 52, 152, 48, 48, 58, 76, 80, 76]
0.0
[82, 40, 52, 152, 48, 48, 62, 76, 80, 76]
0.0
[82, 40, 52, 152, 48, 48, 66, 76, 80, 76]
0.0
[82, 40, 52, 152, 48, 48, 70, 76, 80, 76]
0.0
[82, 40, 52, 152, 48, 48, 74, 76, 80, 76]
0.0
[82, 40, 52, 152, 48, 48, 78, 76, 80, 76]
0.0
[82, 40, 52, 152, 48, 48, 82, 76, 80, 76]
0.0
[82, 40, 52, 152, 48, 48, 86, 76, 80, 76]
0.0
[82, 40, 52, 152, 48, 48, 90, 76, 80, 76]
0.0
[82, 40, 52, 152, 48, 48, 94, 76, 80, 76]
0.0
[82, 40, 52, 152, 48, 48, 98, 76, 80, 76]
0.0
[82, 40, 52, 152, 48, 48, 102, 76, 80, 76]
0.0
[82, 40, 52, 152, 48, 48, 106, 76, 80, 76]
2.8711889828260007
[82, 40, 52, 152, 48, 48, 110, 76, 80, 76]
2.9048253531504886
[82, 40, 52, 152, 48, 48, 114, 76, 80, 76]
2.90099698405103
[82, 40, 52, 152, 48, 48, 118, 76, 80, 76]
2.8577908477373906
[82, 40, 52, 152, 48, 48, 122, 76, 80, 76]
2.778299812650097
[82, 40, 52, 152, 48, 48, 126, 76, 80, 76]
2.6693628694669926
[82, 40, 52, 152, 48, 48, 130, 76, 80, 76]
2.5394238144692567
[82, 40, 52, 152, 48, 48, 134, 76, 80, 76]
2.3971806326813057
[82, 40, 52, 152, 48, 48, 138, 76, 80, 76]
2.2497767060109797
[82, 40, 52, 152, 48, 48, 142, 76, 80, 76]
2.1025110164103133
[82, 40, 52, 152, 48, 48, 146, 76, 80, 76]
1.958966337562476
[82, 40, 52, 152, 48, 48, 150, 76, 80, 76]
1.8214663477883324
[82, 40, 52, 152, 48, 48, 110, 40, 80, 76]
0.0
[82, 40, 52, 152, 48, 48, 110, 44, 80, 76]
0.0
[82, 40, 52, 152, 48, 48, 110, 48, 80, 76]
0.0
[82, 40, 52, 152, 48, 48, 110, 52, 80, 76]
0.0
[30, 71, 52, 152, 48, 48, 55, 180, 80, 76]
0.4681241581249579
[34, 71, 52, 152, 48, 48, 55, 180, 80, 76]
0.48349121594276845
[38, 71, 52, 152, 48, 48, 55, 180, 80, 76]
0.4993663385454149
[42, 71, 52, 152, 48, 48, 55, 180, 80, 76]
0.5155242670501439
[46, 71, 52, 152, 48, 48, 55, 180, 80, 76]
0.5318656480164206
[50, 71, 52, 152, 48, 48, 55, 180, 80, 76]
0.5481757034111633
[54, 71, 52, 152, 48, 48, 55, 180, 80, 76]
0.5642889341345085
[58, 71, 52, 152, 48, 48, 55, 180, 80, 76]
0.5800465847717804
[62, 71, 52, 152, 48, 48, 55, 180, 80, 76]
0.595736465545716
[66, 71, 52, 152, 48, 48, 55, 180, 80, 76]
0.6103261736603451
[70, 71, 52, 152, 48, 48, 55, 180, 80, 76]
0.6241007809868946
[74, 71, 52, 152, 48, 48, 55, 180, 80, 76]
0.6369104487382786
[78, 71, 52, 152, 48, 48, 55, 180, 80, 76]
0.6486087326690342
[82, 71, 52, 152, 48, 48, 55, 180, 80, 76]
0.6590523559959494
[86, 71, 52, 152, 48, 48, 55, 180, 80, 76]
0.6681001658640919
[90, 71, 52, 152, 48, 48, 55, 180, 80, 76]
0.6762345134527847
[94, 71, 52, 152, 48, 48, 55, 180, 80, 76]
0.6820389065123993
[98, 71, 52, 152, 48, 48, 55, 180, 80, 76]
0.6859433316303252
[102, 71, 52, 152, 48, 48, 55, 180, 80, 76]
0.6878954693397119
[106, 71, 52, 152, 48, 48, 55, 180, 80, 76]
0.6876476159362737
[110, 71, 52, 152, 48, 48, 55, 180, 80, 76]
0.685170307041608
[114, 71, 52, 152, 48, 48, 55, 180, 80, 76]
0.679863306384251
[118, 71, 52, 152, 48, 48, 55, 180, 80, 76]
0.6717236168302689
[122, 71, 52, 152, 48, 48, 55, 180, 80, 76]
0.6605521789764386
[126, 71, 52, 152, 48, 48, 55, 180, 80, 76]
0.6457855346454062
[130, 71, 52, 152, 48, 48, 55, 180, 80, 76]
0.6280527838621204
[134, 71, 52, 152, 48, 48, 55, 180, 80, 76]
0.6069604804103998
[138, 71, 52, 152, 48, 48, 55, 180, 80, 76]
0.5825351351889609
[142, 71, 52, 152, 48, 48, 55, 180, 80, 76]
0.5548645779946797
[146, 71, 52, 152, 48, 48, 55, 180, 80, 76]
0.5241538931371392
[150, 71, 52, 152, 48, 48, 55, 180, 80, 76]
0.49062749774490677
[154, 71, 52, 152, 48, 48, 55, 180, 80, 76]
0.4545336932839834
[158, 71, 52, 152, 48, 48, 55, 180, 80, 76]
0.4161775192898909
[102, 40, 52, 152, 48, 48, 55, 180, 80, 76]
0.8116984332018016
[102, 44, 52, 152, 48, 48, 55, 180, 80, 76]
0.8266513136193634
[102, 48, 52, 152, 48, 48, 55, 180, 80, 76]
0.8069149884366043
[102, 52, 52, 152, 48, 48, 55, 180, 80, 76]
0.7819551882837175
[102, 56, 52, 152, 48, 48, 55, 180, 80, 76]
0.7620826872494157
[102, 60, 52, 152, 48, 48, 55, 180, 80, 76]
0.7408938412712229
[102, 64, 52, 152, 48, 48, 55, 180, 80, 76]
0.7198316701210201
[102, 68, 52, 152, 48, 48, 55, 180, 80, 76]
0.7011603707160952
[102, 72, 52, 152, 48, 48, 55, 180, 80, 76]
0.6870304970598204
[102, 76, 52, 152, 48, 48, 55, 180, 80, 76]
0.6757491424842994
[102, 80, 52, 152, 48, 48, 55, 180, 80, 76]
0.6668343428433083
[102, 84, 52, 152, 48, 48, 55, 180, 80, 76]
0.6620907272164875
[102, 88, 52, 152, 48, 48, 55, 180, 80, 76]
0.6628255139336436
[102, 92, 52, 152, 48, 48, 55, 180, 80, 76]
0.6673177833682338
[102, 96, 52, 152, 48, 48, 55, 180, 80, 76]
0.6777817611535213
[102, 100, 52, 152, 48, 48, 55, 180, 80, 76]
0.6958189600796254
[102, 44, 52, 152, 48, 48, 30, 180, 80, 76]
0.7911619343295415
[102, 44, 52, 152, 48, 48, 34, 180, 80, 76]
0.7963209954788861
[102, 44, 52, 152, 48, 48, 38, 180, 80, 76]
0.7973035090221563
[102, 44, 52, 152, 48, 48, 42, 180, 80, 76]
0.7949633592104652
[102, 44, 52, 152, 48, 48, 46, 180, 80, 76]
0.7895489955215835
[102, 44, 52, 152, 48, 48, 50, 180, 80, 76]
0.7814927884686822
[102, 44, 52, 152, 48, 48, 54, 180, 80, 76]
0.7711917318697195
[102, 44, 52, 152, 48, 48, 58, 180, 80, 76]
0.758993544544311
[102, 44, 52, 152, 48, 48, 62, 180, 80, 76]
0.7451885022140594
[102, 44, 52, 152, 48, 48, 66, 180, 80, 76]
0.7300103847017299
[102, 44, 52, 152, 48, 48, 70, 180, 80, 76]
0.7136444488473865
[102, 44, 52, 152, 48, 48, 74, 180, 80, 76]
0.6962386967527419
[102, 44, 52, 152, 48, 48, 78, 180, 80, 76]
0.6779217759817131
[102, 44, 52, 152, 48, 48, 82, 180, 80, 76]
0.6576179155412458
[102, 44, 52, 152, 48, 48, 86, 180, 80, 76]
0.637824492794911
[102, 44, 52, 152, 48, 48, 90, 180, 80, 76]
0.6175432519009687
[102, 44, 52, 152, 48, 48, 94, 180, 80, 76]
0.5969590263718663
[102, 44, 52, 152, 48, 48, 98, 180, 80, 76]
0.5762811978415752
[102, 44, 52, 152, 48, 48, 102, 180, 80, 76]
0.5557356447803048
[102, 44, 52, 152, 48, 48, 106, 180, 80, 76]
0.5355590024968924
[102, 44, 52, 152, 48, 48, 110, 180, 80, 76]
0.5159894441433666
[102, 44, 52, 152, 48, 48, 114, 180, 80, 76]
0.4970602138214357
[102, 44, 52, 152, 48, 48, 118, 180, 80, 76]
0.47941127873395706
[102, 44, 52, 152, 48, 48, 122, 180, 80, 76]
0.4614064726927847
[102, 44, 52, 152, 48, 48, 126, 180, 80, 76]
0.4466060611198335
[102, 44, 52, 152, 48, 48, 130, 180, 80, 76]
0.4335741510660711
[102, 44, 52, 152, 48, 48, 134, 180, 80, 76]
0.422613639098969
[102, 44, 52, 152, 48, 48, 138, 180, 80, 76]
0.41370129296782987
[102, 44, 52, 152, 48, 48, 142, 180, 80, 76]
0.407074470415971
[102, 44, 52, 152, 48, 48, 146, 180, 80, 76]
0.4028246059502427
[102, 44, 52, 152, 48, 48, 150, 180, 80, 76]
0.40099418303938705
[102, 44, 52, 152, 48, 48, 38, 40, 80, 76]
0.0
[102, 44, 52, 152, 48, 48, 38, 44, 80, 76]
0.0
[102, 44, 52, 152, 48, 48, 38, 48, 80, 76]
0.0
[102, 44, 52, 152, 48, 48, 38, 52, 80, 76]
0.0
[102, 44, 52, 152, 48, 48, 38, 56, 80, 76]
0.0
[102, 44, 52, 152, 48, 48, 38, 60, 80, 76]
0.0
[102, 44, 52, 152, 48, 48, 38, 64, 80, 76]
0.0
[102, 44, 52, 152, 48, 48, 38, 68, 80, 76]
0.0
[102, 44, 52, 152, 48, 48, 38, 72, 80, 76]
0.0
[102, 44, 52, 152, 48, 48, 38, 76, 80, 76]
0.0
[102, 44, 52, 152, 48, 48, 38, 80, 80, 76]
0.0
[102, 44, 52, 152, 48, 48, 38, 84, 80, 76]
0.0
[102, 44, 52, 152, 48, 48, 38, 88, 80, 76]
0.0
[102, 44, 52, 152, 48, 48, 38, 92, 80, 76]
0.0
[102, 44, 52, 152, 48, 48, 38, 96, 80, 76]
0.0
[102, 44, 52, 152, 48, 48, 38, 100, 80, 76]
0.0
[102, 44, 52, 152, 48, 48, 38, 104, 80, 76]
0.0
[102, 44, 52, 152, 48, 48, 38, 108, 80, 76]
0.0
[102, 44, 52, 152, 48, 48, 38, 112, 80, 76]
0.0
[102, 44, 52, 152, 48, 48, 38, 116, 80, 76]
0.0
[102, 44, 52, 152, 48, 48, 38, 120, 80, 76]
0.0
[102, 44, 52, 152, 48, 48, 38, 124, 80, 76]
0.0
[102, 44, 52, 152, 48, 48, 38, 128, 80, 76]
1.0004057889058147
[102, 44, 52, 152, 48, 48, 38, 132, 80, 76]
0.9888530143608745
[102, 44, 52, 152, 48, 48, 38, 136, 80, 76]
0.9767798615647254
[102, 44, 52, 152, 48, 48, 38, 140, 80, 76]
0.9633887746622505
[102, 44, 52, 152, 48, 48, 38, 144, 80, 76]
0.9487448053637837
[102, 44, 52, 152, 48, 48, 38, 148, 80, 76]
0.9329963587953782
[102, 44, 52, 152, 48, 48, 38, 152, 80, 76]
0.9161983416277972
[102, 44, 52, 152, 48, 48, 38, 156, 80, 76]
0.8991517987753739
[102, 44, 52, 152, 48, 48, 38, 160, 80, 76]
0.8810493130863153
[102, 44, 52, 152, 48, 48, 38, 164, 80, 76]
0.8625796948452524
[102, 44, 52, 152, 48, 48, 38, 168, 80, 76]
0.84495620333672
[102, 44, 52, 152, 48, 48, 38, 172, 80, 76]
0.8282199070392213
[102, 44, 52, 152, 48, 48, 38, 176, 80, 76]
0.8125707791815004
[102, 44, 52, 152, 48, 48, 38, 180, 80, 76]
0.7973035090221563
[102, 44, 52, 152, 48, 48, 38, 184, 80, 76]
0.7812231637509204
[102, 44, 52, 152, 48, 48, 38, 188, 80, 76]
0.7613306310478223
[102, 44, 52, 152, 48, 48, 38, 192, 80, 76]
0.7345123511054545
[102, 44, 52, 152, 48, 48, 38, 196, 80, 76]
0.698953610037748
[102, 44, 52, 152, 48, 48, 38, 200, 80, 76]
0.6559625538112854
[102, 44, 52, 152, 48, 48, 38, 204, 80, 76]
0.6107020628310633
[102, 44, 52, 152, 48, 48, 38, 208, 80, 76]
0.5688636657657922
[102, 44, 52, 152, 48, 48, 38, 212, 80, 76]
0.5323663374008432
[102, 44, 52, 152, 48, 48, 38, 216, 80, 76]
0.5016556049772698
[102, 44, 52, 152, 48, 48, 38, 220, 80, 76]
0.4750793464668932
[102, 44, 52, 152, 48, 48, 38, 224, 80, 76]
0.456408551281418
[102, 44, 52, 152, 48, 48, 38, 228, 80, 76]
0.44540423549152885
[102, 44, 52, 152, 48, 48, 38, 232, 80, 76]
0.4335184741536604
[102, 44, 52, 152, 48, 48, 38, 236, 80, 76]
0.4166931311465165
[102, 44, 52, 152, 48, 48, 38, 240, 80, 76]
0.40339355453890136
[102, 44, 52, 152, 48, 48, 38, 244, 80, 76]
0.39766315408663844
[102, 44, 52, 152, 48, 48, 38, 248, 80, 76]
0.3965850078642903
[102, 44, 52, 152, 48, 48, 38, 252, 80, 76]
0.39261546292362737
[102, 44, 52, 152, 48, 48, 38, 256, 80, 76]
0.38612096634579185
[102, 44, 52, 152, 48, 48, 38, 260, 80, 76]
0.3823351365197287
[102, 44, 52, 152, 48, 48, 38, 264, 80, 76]
0.3862868337064347
[102, 44, 52, 152, 48, 48, 38, 268, 80, 76]
0.3884968035276959
[102, 44, 52, 152, 48, 48, 38, 272, 80, 76]
0.39194974657247106
[102, 44, 52, 152, 48, 48, 38, 276, 80, 76]
0.39733651956077964
[102, 44, 52, 152, 48, 48, 38, 280, 80, 76]
0.4049326692179833
[102, 44, 52, 152, 48, 48, 38, 284, 80, 76]
0.41597595573407586
[102, 44, 52, 152, 48, 48, 38, 288, 80, 76]
0.4330559384317658
[102, 44, 52, 152, 48, 48, 38, 292, 80, 76]
0.4545617018827015
[102, 44, 52, 152, 48, 48, 38, 296, 80, 76]
0.4857099858268714
[102, 44, 52, 152, 48, 48, 38, 300, 80, 76]
0.5301622871662588
[102, 44, 52, 152, 48, 48, 38, 304, 80, 76]
-1
[102, 44, 52, 152, 48, 48, 38, 308, 80, 76]
-1
[102, 44, 52, 152, 48, 48, 38, 312, 80, 76]
-1
[102, 44, 52, 152, 48, 48, 38, 316, 80, 76]
-1
[102, 44, 52, 152, 48, 48, 38, 320, 80, 76]
-1
[102, 44, 52, 152, 48, 48, 38, 324, 80, 76]
-1
[102, 44, 52, 152, 48, 48, 38, 328, 80, 76]
-1
[102, 44, 52, 152, 48, 48, 38, 332, 80, 76]
-1
[102, 44, 52, 152, 48, 48, 38, 336, 80, 76]
-1
[102, 44, 52, 152, 48, 48, 38, 340, 80, 76]
-1
[54, 44, 52, 152, 48, 48, 38, 128, 80, 76]
1.171129473736075
[58, 44, 52, 152, 48, 48, 38, 128, 80, 76]
1.2001426915151352
[62, 44, 52, 152, 48, 48, 38, 128, 80, 76]
1.2224443433157508
[66, 44, 52, 152, 48, 48, 38, 128, 80, 76]
1.2371583645784867
[70, 44, 52, 152, 48, 48, 38, 128, 80, 76]
1.2436134131482848
[74, 44, 52, 152, 48, 48, 38, 128, 80, 76]
1.2413463492160346
[78, 44, 52, 152, 48, 48, 38, 128, 80, 76]
1.230278122172057
[82, 44, 52, 152, 48, 48, 38, 128, 80, 76]
1.2104878262341592
[86, 44, 52, 152, 48, 48, 38, 128, 80, 76]
1.1823557356813619
[90, 44, 52, 152, 48, 48, 38, 128, 80, 76]
1.1464581868627468
[94, 44, 52, 152, 48, 48, 38, 128, 80, 76]
1.1036375003609957
[98, 44, 52, 152, 48, 48, 38, 128, 80, 76]
1.0547729937799482
[102, 44, 52, 152, 48, 48, 38, 128, 80, 76]
1.0004057889058147
[106, 44, 52, 152, 48, 48, 38, 128, 80, 76]
0.9417603806258121
[110, 44, 52, 152, 48, 48, 38, 128, 80, 76]
0.8807312174371504
[114, 44, 52, 152, 48, 48, 38, 128, 80, 76]
0.0
[118, 44, 52, 152, 48, 48, 38, 128, 80, 76]
0.0
[122, 44, 52, 152, 48, 48, 38, 128, 80, 76]
0.0
[126, 44, 52, 152, 48, 48, 38, 128, 80, 76]
0.0
[130, 44, 52, 152, 48, 48, 38, 128, 80, 76]
0.0
[134, 44, 52, 152, 48, 48, 38, 128, 80, 76]
0.0
[138, 44, 52, 152, 48, 48, 38, 128, 80, 76]
0.0
[142, 44, 52, 152, 48, 48, 38, 128, 80, 76]
0.3986284118757699
[146, 44, 52, 152, 48, 48, 38, 128, 80, 76]
0.35383991340921783
[150, 44, 52, 152, 48, 48, 38, 128, 80, 76]
0.31976380740400545
[70, 40, 52, 152, 48, 48, 38, 128, 80, 76]
1.1128617234338156
[70, 44, 52, 152, 48, 48, 38, 128, 80, 76]
1.2436134131482848
[70, 48, 52, 152, 48, 48, 38, 128, 80, 76]
1.2978443268052007
[70, 52, 52, 152, 48, 48, 38, 128, 80, 76]
1.318812606895829
[70, 56, 52, 152, 48, 48, 38, 128, 80, 76]
1.3220723679721482
[70, 60, 52, 152, 48, 48, 38, 128, 80, 76]
1.30584629209146
[70, 64, 52, 152, 48, 48, 38, 128, 80, 76]
1.2792806140851756
[70, 68, 52, 152, 48, 48, 38, 128, 80, 76]
1.2540626508758017
[70, 72, 52, 152, 48, 48, 38, 128, 80, 76]
1.2312991673765923
[70, 76, 52, 152, 48, 48, 38, 128, 80, 76]
1.2093945245810103
[70, 80, 52, 152, 48, 48, 38, 128, 80, 76]
1.1898060333044727
[70, 84, 52, 152, 48, 48, 38, 128, 80, 76]
1.1751701852566088
[70, 88, 52, 152, 48, 48, 38, 128, 80, 76]
1.1658643926709416
[70, 92, 52, 152, 48, 48, 38, 128, 80, 76]
1.1616064715519456
[70, 56, 52, 152, 48, 48, 30, 128, 80, 76]
1.3026166682308096
[70, 56, 52, 152, 48, 48, 34, 128, 80, 76]
1.3168288618944994
[70, 56, 52, 152, 48, 48, 38, 128, 80, 76]
1.3220723679721482
[70, 56, 52, 152, 48, 48, 42, 128, 80, 76]
1.3179584046481883
[70, 56, 52, 152, 48, 48, 46, 128, 80, 76]
1.305514499483779
[70, 56, 52, 152, 48, 48, 50, 128, 80, 76]
1.2849761004303901
[70, 56, 52, 152, 48, 48, 54, 128, 80, 76]
1.2571853033369227
[70, 56, 52, 152, 48, 48, 58, 128, 80, 76]
1.2231831428477822
[70, 56, 52, 152, 48, 48, 62, 128, 80, 76]
1.1841837848962073
[70, 56, 52, 152, 48, 48, 66, 128, 80, 76]
1.1412617580471578
[70, 56, 52, 152, 48, 48, 70, 128, 80, 76]
1.0958368124903242
[70, 56, 52, 152, 48, 48, 74, 128, 80, 76]
1.0490804532955835
[70, 56, 52, 152, 48, 48, 78, 128, 80, 76]
1.0020182857497593
[70, 56, 52, 152, 48, 48, 82, 128, 80, 76]
0.9550486964050346
[70, 56, 52, 152, 48, 48, 86, 128, 80, 76]
0.909819603666838
[70, 56, 52, 152, 48, 48, 38, 80, 80, 76]
0.0
[70, 56, 52, 152, 48, 48, 38, 84, 80, 76]
0.0
[70, 56, 52, 152, 48, 48, 38, 88, 80, 76]
0.0
[70, 56, 52, 152, 48, 48, 38, 92, 80, 76]
0.0
[70, 56, 52, 152, 48, 48, 38, 96, 80, 76]
0.0
[70, 56, 52, 152, 48, 48, 38, 100, 80, 76]
0.0
[70, 56, 52, 152, 48, 48, 38, 104, 80, 76]
0.0
[70, 56, 52, 152, 48, 48, 38, 108, 80, 76]
0.0
[70, 56, 52, 152, 48, 48, 38, 112, 80, 76]
0.0
[70, 56, 52, 152, 48, 48, 38, 116, 80, 76]
0.0
[70, 56, 52, 152, 48, 48, 38, 120, 80, 76]
0.0
[70, 56, 52, 152, 48, 48, 38, 124, 80, 76]
1.3991300657971593
[70, 56, 52, 152, 48, 48, 38, 128, 80, 76]
1.3220723679721482
[70, 56, 52, 152, 48, 48, 38, 132, 80, 76]
1.2517789152465666
[70, 56, 52, 152, 48, 48, 38, 136, 80, 76]
-1
[70, 56, 52, 152, 48, 48, 38, 140, 80, 76]
-1
[70, 56, 52, 152, 48, 48, 38, 144, 80, 76]
1.071980643324683
[70, 56, 52, 152, 48, 48, 38, 148, 80, 76]
1.0206753509707607
[70, 56, 52, 152, 48, 48, 38, 152, 80, 76]
0.9732157751747785
[70, 56, 52, 152, 48, 48, 38, 156, 80, 76]
0.9296442857938518
[70, 56, 52, 152, 48, 48, 38, 160, 80, 76]
0.8899456899194291
[70, 56, 52, 152, 48, 48, 38, 164, 80, 76]
0.8541676685705413
[70, 56, 52, 152, 48, 48, 38, 168, 80, 76]
0.8226781235028358
[70, 56, 52, 152, 48, 48, 38, 172, 80, 76]
0.7952830490738108
[70, 56, 52, 152, 48, 48, 38, 176, 80, 76]
0.7717376075859499
[30, 56, 52, 152, 48, 48, 38, 124, 80, 76]
1.078804734242396
[34, 56, 52, 152, 48, 48, 38, 124, 80, 76]
1.1309072194080925
[38, 56, 52, 152, 48, 48, 38, 124, 80, 76]
1.1821197965588137
[42, 56, 52, 152, 48, 48, 38, 124, 80, 76]
1.231055081524954
[46, 56, 52, 152, 48, 48, 38, 124, 80, 76]
1.2764768023127069
[50, 56, 52, 152, 48, 48, 38, 124, 80, 76]
1.3168654615667856
[54, 56, 52, 152, 48, 48, 38, 124, 80, 76]
1.350734763196288
[58, 56, 52, 152, 48, 48, 38, 124, 80, 76]
1.3768227563821227
[62, 56, 52, 152, 48, 48, 38, 124, 80, 76]
1.3940482859884331
[66, 56, 52, 152, 48, 48, 38, 124, 80, 76]
1.4016275350966358
[70, 56, 52, 152, 48, 48, 38, 124, 80, 76]
1.3991300657971593
[74, 56, 52, 152, 48, 48, 38, 124, 80, 76]
1.3865021899862235
[78, 56, 52, 152, 48, 48, 38, 124, 80, 76]
0.0
[82, 56, 52, 152, 48, 48, 38, 124, 80, 76]
0.0
[86, 56, 52, 152, 48, 48, 38, 124, 80, 76]
0.0
[90, 56, 52, 152, 48, 48, 38, 124, 80, 76]
0.0
[94, 56, 52, 152, 48, 48, 38, 124, 80, 76]
0.0
[98, 56, 52, 152, 48, 48, 38, 124, 80, 76]
0.0
[102, 56, 52, 152, 48, 48, 38, 124, 80, 76]
0.0
[106, 56, 52, 152, 48, 48, 38, 124, 80, 76]
0.0
[110, 56, 52, 152, 48, 48, 38, 124, 80, 76]
0.0
[114, 56, 52, 152, 48, 48, 38, 124, 80, 76]
0.0
[118, 56, 52, 152, 48, 48, 38, 124, 80, 76]
0.0
[122, 56, 52, 152, 48, 48, 38, 124, 80, 76]
0.0
[126, 56, 52, 152, 48, 48, 38, 124, 80, 76]
0.0
[130, 56, 52, 152, 48, 48, 38, 124, 80, 76]
0.0
[134, 56, 52, 152, 48, 48, 38, 124, 80, 76]
0.0
[138, 56, 52, 152, 48, 48, 38, 124, 80, 76]
0.0
[142, 56, 52, 152, 48, 48, 38, 124, 80, 76]
0.0
[146, 56, 52, 152, 48, 48, 38, 124, 80, 76]
0.0
[150, 56, 52, 152, 48, 48, 38, 124, 80, 76]
0.0
[154, 56, 52, 152, 48, 48, 38, 124, 80, 76]
0.40366472303078327
[158, 56, 52, 152, 48, 48, 38, 124, 80, 76]
0.4022397451255926
[66, 40, 52, 152, 48, 48, 38, 124, 80, 76]
1.1709548168080377
[66, 44, 52, 152, 48, 48, 38, 124, 80, 76]
1.313070140962893
[66, 48, 52, 152, 48, 48, 38, 124, 80, 76]
1.3734774493833621
[66, 52, 52, 152, 48, 48, 38, 124, 80, 76]
1.3978176169243157
[66, 56, 52, 152, 48, 48, 38, 124, 80, 76]
1.4016275350966358
[66, 60, 52, 152, 48, 48, 38, 124, 80, 76]
1.3844869131914344
[66, 64, 52, 152, 48, 48, 38, 124, 80, 76]
1.355579802375398
[66, 68, 52, 152, 48, 48, 38, 124, 80, 76]
1.3277240604874485
[66, 72, 52, 152, 48, 48, 38, 124, 80, 76]
1.3029527575830642
[66, 76, 52, 152, 48, 48, 38, 124, 80, 76]
1.2789362059373015
[66, 80, 52, 152, 48, 48, 38, 124, 80, 76]
1.2572659402006288
[66, 84, 52, 152, 48, 48, 38, 124, 80, 76]
1.2411441881957592
[66, 88, 52, 152, 48, 48, 38, 124, 80, 76]
1.2307608108285808
[66, 92, 52, 152, 48, 48, 38, 124, 80, 76]
1.2259334592297757
[66, 96, 52, 152, 48, 48, 38, 124, 80, 76]
1.2278395779128313
[66, 100, 52, 152, 48, 48, 38, 124, 80, 76]
1.238117304343835
[66, 56, 52, 152, 48, 48, 30, 124, 80, 76]
1.3865022563525302
[66, 56, 52, 152, 48, 48, 34, 124, 80, 76]
1.3991302162142847
[66, 56, 52, 152, 48, 48, 38, 124, 80, 76]
1.4016275350966358
[66, 56, 52, 152, 48, 48, 42, 124, 80, 76]
1.3940483946319961
[66, 56, 52, 152, 48, 48, 46, 124, 80, 76]
1.3768228036529793
[66, 56, 52, 152, 48, 48, 50, 124, 80, 76]
1.3507350897900356
[66, 56, 52, 152, 48, 48, 54, 124, 80, 76]
1.3168658039959558
[66, 56, 52, 152, 48, 48, 58, 124, 80, 76]
1.2765102488720572
[66, 56, 52, 152, 48, 48, 62, 124, 80, 76]
1.2311407858232473
[66, 56, 52, 152, 48, 48, 66, 124, 80, 76]
1.1821199556343225
[66, 56, 52, 152, 48, 48, 70, 124, 80, 76]
1.130225455134191
[66, 56, 52, 152, 48, 48, 74, 124, 80, 76]
1.0782624132250287
[66, 56, 52, 152, 48, 48, 78, 124, 80, 76]
1.0264779400116288
[66, 56, 52, 152, 48, 48, 82, 124, 80, 76]
0.9760626713375156
[66, 56, 52, 152, 48, 48, 86, 124, 80, 76]
0.9275065082671949
[66, 56, 52, 152, 48, 48, 90, 124, 80, 76]
0.8815395914304396
[66, 56, 52, 152, 48, 48, 94, 124, 80, 76]
0.8385836690176203
[66, 56, 52, 152, 48, 48, 98, 124, 80, 76]
0.7989176023196614
[66, 56, 52, 152, 48, 48, 102, 124, 80, 76]
0.7629970826287769
[66, 56, 52, 152, 48, 48, 106, 124, 80, 76]
0.7303503075591709
[66, 56, 52, 152, 48, 48, 110, 124, 80, 76]
0.7012005366502867
[66, 56, 52, 152, 48, 48, 114, 124, 80, 76]
0.6754824700777136
[66, 56, 52, 152, 48, 48, 118, 124, 80, 76]
0.6530949320786987
[66, 56, 52, 152, 48, 48, 122, 124, 80, 76]
0.6339112515816636
[66, 56, 52, 152, 48, 48, 126, 124, 80, 76]
0.6178190494203517
[66, 56, 52, 152, 48, 48, 130, 124, 80, 76]
0.6044307939426576
[66, 56, 52, 152, 48, 48, 134, 124, 80, 76]
0.5938727797321381
[66, 56, 52, 152, 48, 48, 138, 124, 80, 76]
0.5859084767366927
[66, 56, 52, 152, 48, 48, 142, 124, 80, 76]
0.5804475442135741
[66, 56, 52, 152, 48, 48, 146, 124, 80, 76]
0.5773816861890724
[66, 56, 52, 152, 48, 48, 150, 124, 80, 76]
0.5757758462976752
[66, 56, 52, 152, 48, 48, 38, 40, 80, 76]
0.0
[66, 56, 52, 152, 48, 48, 38, 44, 80, 76]
0.0
[66, 56, 52, 152, 48, 48, 38, 48, 80, 76]
0.0
[66, 56, 52, 152, 48, 48, 38, 52, 80, 76]
0.0
[66, 56, 52, 152, 48, 48, 38, 56, 80, 76]
0.0
[66, 56, 52, 152, 48, 48, 38, 60, 80, 76]
0.0
[66, 56, 52, 152, 48, 48, 38, 64, 80, 76]
0.0
[66, 56, 52, 152, 48, 48, 38, 68, 80, 76]
0.0
[66, 56, 52, 152, 48, 48, 38, 72, 80, 76]
0.0
[66, 56, 52, 152, 48, 48, 38, 76, 80, 76]
0.0
[66, 56, 52, 152, 48, 48, 38, 80, 80, 76]
0.0
[66, 56, 52, 152, 48, 48, 38, 84, 80, 76]
0.0
[66, 56, 52, 152, 48, 48, 38, 88, 80, 76]
0.0
[66, 56, 52, 152, 48, 48, 38, 92, 80, 76]
0.0
[66, 56, 52, 152, 48, 48, 38, 96, 80, 76]
0.0
[66, 56, 52, 152, 48, 48, 38, 100, 80, 76]
0.0
[66, 56, 52, 152, 48, 48, 38, 104, 80, 76]
0.0
[66, 56, 52, 152, 48, 48, 38, 108, 80, 76]
0.0
[66, 56, 52, 152, 48, 48, 38, 112, 80, 76]
0.0
[66, 56, 52, 152, 48, 48, 38, 116, 80, 76]
0.0
[66, 56, 52, 152, 48, 48, 38, 120, 80, 76]
0.0
[66, 56, 52, 152, 48, 48, 38, 124, 80, 76]
1.4016275350966358
[66, 56, 52, 152, 48, 48, 38, 128, 80, 76]
1.3179584847871624
[66, 56, 52, 152, 48, 48, 38, 132, 80, 76]
1.2428305025664446
[66, 56, 52, 152, 48, 48, 38, 136, 80, 76]
1.174637009203136
[66, 56, 52, 152, 48, 48, 38, 140, 80, 76]
1.1121539361015245
[66, 56, 52, 152, 48, 48, 38, 144, 80, 76]
1.0547797993896313
[66, 56, 52, 152, 48, 48, 38, 148, 80, 76]
1.0021057795986839
[66, 56, 52, 152, 48, 48, 38, 152, 80, 76]
0.953837677145672
[66, 56, 52, 152, 48, 48, 38, 156, 80, 76]
0.909964918061211
[66, 56, 52, 152, 48, 48, 38, 160, 80, 76]
0.8703066906671937
[66, 56, 52, 152, 48, 48, 38, 164, 80, 76]
0.8348208952244252
[66, 56, 52, 152, 48, 48, 38, 168, 80, 76]
0.8038658357266248
[66, 56, 52, 152, 48, 48, 38, 172, 80, 76]
0.777129274113056
[66, 56, 52, 152, 48, 48, 38, 176, 80, 76]
0.7543063987753191
[66, 56, 52, 152, 48, 48, 38, 180, 80, 76]
0.7343978988375779
[66, 56, 52, 152, 48, 48, 38, 184, 80, 76]
0.7157569205556469
[66, 56, 52, 152, 48, 48, 38, 188, 80, 76]
0.6958369631170196
[66, 56, 52, 152, 48, 48, 38, 192, 80, 76]
0.6720565683927275
[66, 56, 52, 152, 48, 48, 38, 196, 80, 76]
0.6429924712720341
[66, 56, 52, 152, 48, 48, 38, 200, 80, 76]
0.6094607767920366
[66, 56, 52, 152, 48, 48, 38, 204, 80, 76]
0.574616730244141
[66, 56, 52, 152, 48, 48, 38, 208, 80, 76]
0.542793046032237
[66, 56, 52, 152, 48, 48, 38, 212, 80, 76]
0.5157515120604528
[66, 56, 52, 152, 48, 48, 38, 216, 80, 76]
0.4954385299153743
[66, 56, 52, 152, 48, 48, 38, 220, 80, 76]
0.47998521301294517
[66, 56, 52, 152, 48, 48, 38, 224, 80, 76]
0.46783287446226973
[66, 56, 52, 152, 48, 48, 38, 228, 80, 76]
0.4580339540841576
[66, 56, 52, 152, 48, 48, 38, 232, 80, 76]
0.4507717825099675
[66, 56, 52, 152, 48, 48, 38, 236, 80, 76]
0.44508004506734267
[66, 56, 52, 152, 48, 48, 38, 240, 80, 76]
0.4406568362413299
[66, 56, 52, 152, 48, 48, 38, 244, 80, 76]
0.4369280174008898
[66, 56, 52, 152, 48, 48, 38, 248, 80, 76]
0.4345957825608029
[66, 56, 52, 152, 48, 48, 38, 252, 80, 76]
0.4343400716892334
[66, 56, 52, 152, 48, 48, 38, 256, 80, 76]
0.43577798489399844
[66, 56, 52, 152, 48, 48, 38, 260, 80, 76]
0.43860207810737384
[66, 56, 52, 152, 48, 48, 38, 264, 80, 76]
0.443359354277465
[66, 56, 52, 152, 48, 48, 38, 268, 80, 76]
0.4505630977348354
[66, 56, 52, 152, 48, 48, 38, 272, 80, 76]
0.4596443346892807
[66, 56, 52, 152, 48, 48, 38, 276, 80, 76]
0.4712646707628265
[66, 56, 52, 152, 48, 48, 38, 280, 80, 76]
0.4874929004822608
[66, 56, 52, 152, 48, 48, 38, 284, 80, 76]
0.508970304085554
[66, 56, 52, 152, 48, 48, 38, 288, 80, 76]
0.5376521142373629
[66, 56, 52, 152, 48, 48, 38, 292, 80, 76]
0.5766256701561441
[66, 56, 52, 152, 48, 48, 38, 296, 80, 76]
0.6305692834531491
[66, 56, 52, 152, 48, 48, 38, 300, 80, 76]
0.7081474888874768
[66, 56, 52, 152, 48, 48, 38, 304, 80, 76]
-1
[66, 56, 52, 152, 48, 48, 38, 308, 80, 76]
-1
[66, 56, 52, 152, 48, 48, 38, 312, 80, 76]
-1
[66, 56, 52, 152, 48, 48, 38, 316, 80, 76]
-1
[66, 56, 52, 152, 48, 48, 38, 320, 80, 76]
-1
[66, 56, 52, 152, 48, 48, 38, 324, 80, 76]
-1
[66, 56, 52, 152, 48, 48, 38, 328, 80, 76]
-1
[66, 56, 52, 152, 48, 48, 38, 332, 80, 76]
-1
[66, 56, 52, 152, 48, 48, 38, 336, 80, 76]
-1
[66, 56, 52, 152, 48, 48, 38, 340, 80, 76]
-1
[30, 56, 52, 152, 48, 48, 38, 124, 80, 76]
1.078804734242396
[34, 56, 52, 152, 48, 48, 38, 124, 80, 76]
1.1309072194080925
[38, 56, 52, 152, 48, 48, 38, 124, 80, 76]
1.1821197965588137
[42, 56, 52, 152, 48, 48, 38, 124, 80, 76]
1.231055081524954
[46, 56, 52, 152, 48, 48, 38, 124, 80, 76]
1.2764768023127069
[50, 56, 52, 152, 48, 48, 38, 124, 80, 76]
1.3168654615667856
[54, 56, 52, 152, 48, 48, 38, 124, 80, 76]
1.350734763196288
[58, 56, 52, 152, 48, 48, 38, 124, 80, 76]
1.3768227563821227
[62, 56, 52, 152, 48, 48, 38, 124, 80, 76]
1.3940482859884331
[66, 56, 52, 152, 48, 48, 38, 124, 80, 76]
1.4016275350966358
[70, 56, 52, 152, 48, 48, 38, 124, 80, 76]
1.3991300657971593
[74, 56, 52, 152, 48, 48, 38, 124, 80, 76]
1.3865021899862235
[78, 56, 52, 152, 48, 48, 38, 124, 80, 76]
0.0
[82, 56, 52, 152, 48, 48, 38, 124, 80, 76]
0.0
[86, 56, 52, 152, 48, 48, 38, 124, 80, 76]
0.0
[90, 56, 52, 152, 48, 48, 38, 124, 80, 76]
0.0
[94, 56, 52, 152, 48, 48, 38, 124, 80, 76]
0.0
[98, 56, 52, 152, 48, 48, 38, 124, 80, 76]
0.0
[102, 56, 52, 152, 48, 48, 38, 124, 80, 76]
0.0
[106, 56, 52, 152, 48, 48, 38, 124, 80, 76]
0.0
[110, 56, 52, 152, 48, 48, 38, 124, 80, 76]
0.0
[114, 56, 52, 152, 48, 48, 38, 124, 80, 76]
0.0
[66, 40, 52, 152, 48, 48, 38, 124, 80, 76]
1.1709548168080377
[66, 44, 52, 152, 48, 48, 38, 124, 80, 76]
1.313070140962893
[66, 48, 52, 152, 48, 48, 38, 124, 80, 76]
1.3734774493833621
[66, 52, 52, 152, 48, 48, 38, 124, 80, 76]
1.3978176169243157
[66, 56, 52, 152, 48, 48, 38, 124, 80, 76]
1.4016275350966358
[66, 60, 52, 152, 48, 48, 38, 124, 80, 76]
1.3844869131914344
[66, 64, 52, 152, 48, 48, 38, 124, 80, 76]
1.355579802375398
[66, 68, 52, 152, 48, 48, 38, 124, 80, 76]
1.3277240604874485
[66, 72, 52, 152, 48, 48, 38, 124, 80, 76]
1.3029527575830642
[66, 76, 52, 152, 48, 48, 38, 124, 80, 76]
1.2789362059373015
[66, 80, 52, 152, 48, 48, 38, 124, 80, 76]
1.2572659402006288
[66, 84, 52, 152, 48, 48, 38, 124, 80, 76]
1.2411441881957592
[66, 88, 52, 152, 48, 48, 38, 124, 80, 76]
1.2307608108285808
[66, 92, 52, 152, 48, 48, 38, 124, 80, 76]
1.2259334592297757
[66, 96, 52, 152, 48, 48, 38, 124, 80, 76]
1.2278395779128313
[66, 100, 52, 152, 48, 48, 38, 124, 80, 76]
1.238117304343835
[66, 56, 52, 152, 48, 48, 30, 124, 80, 76]
1.3865022563525302
[66, 56, 52, 152, 48, 48, 34, 124, 80, 76]
1.3991302162142847
[66, 56, 52, 152, 48, 48, 38, 124, 80, 76]
1.4016275350966358
[66, 56, 52, 152, 48, 48, 42, 124, 80, 76]
1.3940483946319961
[66, 56, 52, 152, 48, 48, 46, 124, 80, 76]
1.3768228036529793
[66, 56, 52, 152, 48, 48, 50, 124, 80, 76]
1.3507350897900356
[66, 56, 52, 152, 48, 48, 54, 124, 80, 76]
1.3168658039959558
[66, 56, 52, 152, 48, 48, 58, 124, 80, 76]
1.2765102488720572
[66, 56, 52, 152, 48, 48, 62, 124, 80, 76]
1.2311407858232473
[66, 56, 52, 152, 48, 48, 66, 124, 80, 76]
1.1821199556343225
[66, 56, 52, 152, 48, 48, 70, 124, 80, 76]
1.130225455134191
[66, 56, 52, 152, 48, 48, 74, 124, 80, 76]
1.0782624132250287
[66, 56, 52, 152, 48, 48, 78, 124, 80, 76]
1.0264779400116288
[66, 56, 52, 152, 48, 48, 82, 124, 80, 76]
0.9760626713375156
[66, 56, 52, 152, 48, 48, 86, 124, 80, 76]
0.9275065082671949
[66, 56, 52, 152, 48, 48, 38, 76, 80, 76]
0.0
[66, 56, 52, 152, 48, 48, 38, 80, 80, 76]
0.0
[66, 56, 52, 152, 48, 48, 38, 84, 80, 76]
0.0
[66, 56, 52, 152, 48, 48, 38, 88, 80, 76]
0.0
[66, 56, 52, 152, 48, 48, 38, 92, 80, 76]
0.0
[66, 56, 52, 152, 48, 48, 38, 96, 80, 76]
0.0
[66, 56, 52, 152, 48, 48, 38, 100, 80, 76]
0.0
[66, 56, 52, 152, 48, 48, 38, 104, 80, 76]
0.0
[66, 56, 52, 152, 48, 48, 38, 108, 80, 76]
0.0
[66, 56, 52, 152, 48, 48, 38, 112, 80, 76]
0.0
[66, 56, 52, 152, 48, 48, 38, 116, 80, 76]
0.0
[66, 56, 52, 152, 48, 48, 38, 120, 80, 76]
0.0
[66, 56, 52, 152, 48, 48, 38, 124, 80, 76]
1.4016275350966358
[66, 56, 52, 152, 48, 48, 38, 128, 80, 76]
1.3179584847871624
[66, 56, 52, 152, 48, 48, 38, 132, 80, 76]
1.2428305025664446
[66, 56, 52, 152, 48, 48, 38, 136, 80, 76]
1.174637009203136
[66, 56, 52, 152, 48, 48, 38, 140, 80, 76]
1.1121539361015245
[66, 56, 52, 152, 48, 48, 38, 144, 80, 76]
1.0547797993896313
[66, 56, 52, 152, 48, 48, 38, 148, 80, 76]
1.0021057795986839
[66, 56, 52, 152, 48, 48, 38, 152, 80, 76]
0.953837677145672
[66, 56, 52, 152, 48, 48, 38, 156, 80, 76]
0.909964918061211
[66, 56, 52, 152, 48, 48, 38, 160, 80, 76]
0.8703066906671937
[66, 56, 52, 152, 48, 48, 38, 164, 80, 76]
0.8348208952244252
[66, 56, 52, 152, 48, 48, 38, 168, 80, 76]
0.8038658357266248
[66, 56, 52, 152, 48, 48, 38, 172, 80, 76]
0.777129274113056
[30, 56, 52, 152, 48, 48, 38, 124, 80, 76]
1.078804734242396
[34, 56, 52, 152, 48, 48, 38, 124, 80, 76]
1.1309072194080925
[38, 56, 52, 152, 48, 48, 38, 124, 80, 76]
1.1821197965588137
[42, 56, 52, 152, 48, 48, 38, 124, 80, 76]
1.231055081524954
[46, 56, 52, 152, 48, 48, 38, 124, 80, 76]
1.2764768023127069
[50, 56, 52, 152, 48, 48, 38, 124, 80, 76]
1.3168654615667856
[54, 56, 52, 152, 48, 48, 38, 124, 80, 76]
1.350734763196288
[58, 56, 52, 152, 48, 48, 38, 124, 80, 76]
1.3768227563821227
[62, 56, 52, 152, 48, 48, 38, 124, 80, 76]
1.3940482859884331
[66, 56, 52, 152, 48, 48, 38, 124, 80, 76]
1.4016275350966358
[70, 56, 52, 152, 48, 48, 38, 124, 80, 76]
1.3991300657971593
[74, 56, 52, 152, 48, 48, 38, 124, 80, 76]
1.3865021899862235
[78, 56, 52, 152, 48, 48, 38, 124, 80, 76]
0.0
[82, 56, 52, 152, 48, 48, 38, 124, 80, 76]
0.0
[86, 56, 52, 152, 48, 48, 38, 124, 80, 76]
0.0
[90, 56, 52, 152, 48, 48, 38, 124, 80, 76]
0.0
[94, 56, 52, 152, 48, 48, 38, 124, 80, 76]
0.0
[98, 56, 52, 152, 48, 48, 38, 124, 80, 76]
0.0
[102, 56, 52, 152, 48, 48, 38, 124, 80, 76]
0.0
[106, 56, 52, 152, 48, 48, 38, 124, 80, 76]
0.0
[110, 56, 52, 152, 48, 48, 38, 124, 80, 76]
0.0
[114, 56, 52, 152, 48, 48, 38, 124, 80, 76]
0.0
[118, 56, 52, 152, 48, 48, 38, 124, 80, 76]
0.0
[122, 56, 52, 152, 48, 48, 38, 124, 80, 76]
0.0
[126, 56, 52, 152, 48, 48, 38, 124, 80, 76]
0.0
[130, 56, 52, 152, 48, 48, 38, 124, 80, 76]
0.0
[134, 56, 52, 152, 48, 48, 38, 124, 80, 76]
0.0
[138, 56, 52, 152, 48, 48, 38, 124, 80, 76]
0.0
[142, 56, 52, 152, 48, 48, 38, 124, 80, 76]
0.0
[146, 56, 52, 152, 48, 48, 38, 124, 80, 76]
0.0
[150, 56, 52, 152, 48, 48, 38, 124, 80, 76]
0.0
[154, 56, 52, 152, 48, 48, 38, 124, 80, 76]
0.40366472303078327
[158, 56, 52, 152, 48, 48, 38, 124, 80, 76]
0.4022397451255926
[66, 40, 52, 152, 48, 48, 38, 124, 80, 76]
1.1709548168080377
[66, 44, 52, 152, 48, 48, 38, 124, 80, 76]
1.313070140962893
[66, 48, 52, 152, 48, 48, 38, 124, 80, 76]
1.3734774493833621
[66, 52, 52, 152, 48, 48, 38, 124, 80, 76]
1.3978176169243157
[66, 56, 52, 152, 48, 48, 38, 124, 80, 76]
1.4016275350966358
[66, 60, 52, 152, 48, 48, 38, 124, 80, 76]
1.3844869131914344
[66, 64, 52, 152, 48, 48, 38, 124, 80, 76]
1.355579802375398
[66, 68, 52, 152, 48, 48, 38, 124, 80, 76]
1.3277240604874485
[66, 72, 52, 152, 48, 48, 38, 124, 80, 76]
1.3029527575830642
[66, 76, 52, 152, 48, 48, 38, 124, 80, 76]
1.2789362059373015
[66, 80, 52, 152, 48, 48, 38, 124, 80, 76]
1.2572659402006288
[66, 84, 52, 152, 48, 48, 38, 124, 80, 76]
1.2411441881957592
[66, 88, 52, 152, 48, 48, 38, 124, 80, 76]
1.2307608108285808
[66, 92, 52, 152, 48, 48, 38, 124, 80, 76]
1.2259334592297757
[66, 96, 52, 152, 48, 48, 38, 124, 80, 76]
1.2278395779128313
[66, 100, 52, 152, 48, 48, 38, 124, 80, 76]
1.238117304343835
[66, 56, 52, 152, 48, 48, 30, 124, 80, 76]
1.3865022563525302
[66, 56, 52, 152, 48, 48, 34, 124, 80, 76]
1.3991302162142847
[66, 56, 52, 152, 48, 48, 38, 124, 80, 76]
1.4016275350966358
[66, 56, 52, 152, 48, 48, 42, 124, 80, 76]
1.3940483946319961
[66, 56, 52, 152, 48, 48, 46, 124, 80, 76]
1.3768228036529793
[66, 56, 52, 152, 48, 48, 50, 124, 80, 76]
1.3507350897900356
[66, 56, 52, 152, 48, 48, 54, 124, 80, 76]
1.3168658039959558
[66, 56, 52, 152, 48, 48, 58, 124, 80, 76]
1.2765102488720572
[66, 56, 52, 152, 48, 48, 62, 124, 80, 76]
1.2311407858232473
[66, 56, 52, 152, 48, 48, 66, 124, 80, 76]
1.1821199556343225
[66, 56, 52, 152, 48, 48, 70, 124, 80, 76]
1.130225455134191
[66, 56, 52, 152, 48, 48, 74, 124, 80, 76]
1.0782624132250287
[66, 56, 52, 152, 48, 48, 78, 124, 80, 76]
1.0264779400116288
[66, 56, 52, 152, 48, 48, 82, 124, 80, 76]
0.9760626713375156
[66, 56, 52, 152, 48, 48, 86, 124, 80, 76]
0.9275065082671949
[66, 56, 52, 152, 48, 48, 90, 124, 80, 76]
0.8815395914304396
[66, 56, 52, 152, 48, 48, 94, 124, 80, 76]
0.8385836690176203
[66, 56, 52, 152, 48, 48, 98, 124, 80, 76]
0.7989176023196614
[66, 56, 52, 152, 48, 48, 102, 124, 80, 76]
0.7629970826287769
[66, 56, 52, 152, 48, 48, 106, 124, 80, 76]
0.7303503075591709
[66, 56, 52, 152, 48, 48, 110, 124, 80, 76]
0.7012005366502867
[66, 56, 52, 152, 48, 48, 114, 124, 80, 76]
0.6754824700777136
[66, 56, 52, 152, 48, 48, 118, 124, 80, 76]
0.6530949320786987
[66, 56, 52, 152, 48, 48, 122, 124, 80, 76]
0.6339112515816636
[66, 56, 52, 152, 48, 48, 126, 124, 80, 76]
0.6178190494203517
[66, 56, 52, 152, 48, 48, 130, 124, 80, 76]
0.6044307939426576
[66, 56, 52, 152, 48, 48, 134, 124, 80, 76]
0.5938727797321381
[66, 56, 52, 152, 48, 48, 138, 124, 80, 76]
0.5859084767366927
[66, 56, 52, 152, 48, 48, 142, 124, 80, 76]
0.5804475442135741
[66, 56, 52, 152, 48, 48, 146, 124, 80, 76]
0.5773816861890724
[66, 56, 52, 152, 48, 48, 150, 124, 80, 76]
0.5757758462976752
[66, 56, 52, 152, 48, 48, 38, 40, 80, 76]
0.0
[66, 56, 52, 152, 48, 48, 38, 44, 80, 76]
0.0
[66, 56, 52, 152, 48, 48, 38, 48, 80, 76]
0.0
[66, 56, 52, 152, 48, 48, 38, 52, 80, 76]
0.0
[66, 56, 52, 152, 48, 48, 38, 56, 80, 76]
0.0
[66, 56, 52, 152, 48, 48, 38, 60, 80, 76]
0.0
[66, 56, 52, 152, 48, 48, 38, 64, 80, 76]
0.0
[66, 56, 52, 152, 48, 48, 38, 68, 80, 76]
0.0
[66, 56, 52, 152, 48, 48, 38, 72, 80, 76]
0.0
[66, 56, 52, 152, 48, 48, 38, 76, 80, 76]
0.0
[66, 56, 52, 152, 48, 48, 38, 80, 80, 76]
0.0
[66, 56, 52, 152, 48, 48, 38, 84, 80, 76]
0.0
[66, 56, 52, 152, 48, 48, 38, 88, 80, 76]
0.0
[66, 56, 52, 152, 48, 48, 38, 92, 80, 76]
0.0
[66, 56, 52, 152, 48, 48, 38, 96, 80, 76]
0.0
[66, 56, 52, 152, 48, 48, 38, 100, 80, 76]
0.0
[66, 56, 52, 152, 48, 48, 38, 104, 80, 76]
0.0
[66, 56, 52, 152, 48, 48, 38, 108, 80, 76]
0.0
[66, 56, 52, 152, 48, 48, 38, 112, 80, 76]
0.0
[66, 56, 52, 152, 48, 48, 38, 116, 80, 76]
0.0
[66, 56, 52, 152, 48, 48, 38, 120, 80, 76]
0.0
[66, 56, 52, 152, 48, 48, 38, 124, 80, 76]
1.4016275350966358
[66, 56, 52, 152, 48, 48, 38, 128, 80, 76]
1.3179584847871624
[66, 56, 52, 152, 48, 48, 38, 132, 80, 76]
1.2428305025664446
[66, 56, 52, 152, 48, 48, 38, 136, 80, 76]
1.174637009203136
[66, 56, 52, 152, 48, 48, 38, 140, 80, 76]
1.1121539361015245
[66, 56, 52, 152, 48, 48, 38, 144, 80, 76]
1.0547797993896313
[66, 56, 52, 152, 48, 48, 38, 148, 80, 76]
1.0021057795986839
[66, 56, 52, 152, 48, 48, 38, 152, 80, 76]
0.953837677145672
[66, 56, 52, 152, 48, 48, 38, 156, 80, 76]
0.909964918061211
[66, 56, 52, 152, 48, 48, 38, 160, 80, 76]
0.8703066906671937
[66, 56, 52, 152, 48, 48, 38, 164, 80, 76]
0.8348208952244252
[66, 56, 52, 152, 48, 48, 38, 168, 80, 76]
0.8038658357266248
[66, 56, 52, 152, 48, 48, 38, 172, 80, 76]
0.777129274113056
[66, 56, 52, 152, 48, 48, 38, 176, 80, 76]
0.7543063987753191
[66, 56, 52, 152, 48, 48, 38, 180, 80, 76]
0.7343978988375779
[66, 56, 52, 152, 48, 48, 38, 184, 80, 76]
0.7157569205556469
[66, 56, 52, 152, 48, 48, 38, 188, 80, 76]
0.6958369631170196
[66, 56, 52, 152, 48, 48, 38, 192, 80, 76]
0.6720565683927275
[66, 56, 52, 152, 48, 48, 38, 196, 80, 76]
0.6429924712720341
[66, 56, 52, 152, 48, 48, 38, 200, 80, 76]
0.6094607767920366
[66, 56, 52, 152, 48, 48, 38, 204, 80, 76]
0.574616730244141
[66, 56, 52, 152, 48, 48, 38, 208, 80, 76]
0.542793046032237
[66, 56, 52, 152, 48, 48, 38, 212, 80, 76]
0.5157515120604528
[66, 56, 52, 152, 48, 48, 38, 216, 80, 76]
0.4954385299153743
[66, 56, 52, 152, 48, 48, 38, 220, 80, 76]
0.47998521301294517
[66, 56, 52, 152, 48, 48, 38, 224, 80, 76]
0.46783287446226973
[66, 56, 52, 152, 48, 48, 38, 228, 80, 76]
0.4580339540841576
[66, 56, 52, 152, 48, 48, 38, 232, 80, 76]
0.4507717825099675
[66, 56, 52, 152, 48, 48, 38, 236, 80, 76]
0.44508004506734267
[66, 56, 52, 152, 48, 48, 38, 240, 80, 76]
0.4406568362413299
[66, 56, 52, 152, 48, 48, 38, 244, 80, 76]
0.4369280174008898
[66, 56, 52, 152, 48, 48, 38, 248, 80, 76]
0.4345957825608029
[66, 56, 52, 152, 48, 48, 38, 252, 80, 76]
0.4343400716892334
[66, 56, 52, 152, 48, 48, 38, 256, 80, 76]
0.43577798489399844
[66, 56, 52, 152, 48, 48, 38, 260, 80, 76]
0.43860207810737384
[66, 56, 52, 152, 48, 48, 38, 264, 80, 76]
0.443359354277465
[66, 56, 52, 152, 48, 48, 38, 268, 80, 76]
0.4505630977348354
[66, 56, 52, 152, 48, 48, 38, 272, 80, 76]
0.4596443346892807
[66, 56, 52, 152, 48, 48, 38, 276, 80, 76]
0.4712646707628265
[66, 56, 52, 152, 48, 48, 38, 280, 80, 76]
0.4874929004822608
[66, 56, 52, 152, 48, 48, 38, 284, 80, 76]
0.508970304085554
[66, 56, 52, 152, 48, 48, 38, 288, 80, 76]
0.5376521142373629
[66, 56, 52, 152, 48, 48, 38, 292, 80, 76]
0.5766256701561441
[66, 56, 52, 152, 48, 48, 38, 296, 80, 76]
0.6305692834531491
[66, 56, 52, 152, 48, 48, 38, 300, 80, 76]
0.7081474888874768
[66, 56, 52, 152, 48, 48, 38, 304, 80, 76]
-1
[66, 56, 52, 152, 48, 48, 38, 308, 80, 76]
-1
[66, 56, 52, 152, 48, 48, 38, 312, 80, 76]
-1
[66, 56, 52, 152, 48, 48, 38, 316, 80, 76]
-1
[66, 56, 52, 152, 48, 48, 38, 320, 80, 76]
-1
[66, 56, 52, 152, 48, 48, 38, 324, 80, 76]
-1
[66, 56, 52, 152, 48, 48, 38, 328, 80, 76]
-1
[66, 56, 52, 152, 48, 48, 38, 332, 80, 76]
-1
[66, 56, 52, 152, 48, 48, 38, 336, 80, 76]
-1
[66, 56, 52, 152, 48, 48, 38, 340, 80, 76]
-1
[30, 56, 52, 152, 48, 48, 38, 124, 80, 76]
1.078804734242396
[34, 56, 52, 152, 48, 48, 38, 124, 80, 76]
1.1309072194080925
[38, 56, 52, 152, 48, 48, 38, 124, 80, 76]
1.1821197965588137
[42, 56, 52, 152, 48, 48, 38, 124, 80, 76]
1.231055081524954
[46, 56, 52, 152, 48, 48, 38, 124, 80, 76]
1.2764768023127069
[50, 56, 52, 152, 48, 48, 38, 124, 80, 76]
1.3168654615667856
[54, 56, 52, 152, 48, 48, 38, 124, 80, 76]
1.350734763196288
[58, 56, 52, 152, 48, 48, 38, 124, 80, 76]
1.3768227563821227
[62, 56, 52, 152, 48, 48, 38, 124, 80, 76]
1.3940482859884331
[66, 56, 52, 152, 48, 48, 38, 124, 80, 76]
1.4016275350966358
[70, 56, 52, 152, 48, 48, 38, 124, 80, 76]
1.3991300657971593
[74, 56, 52, 152, 48, 48, 38, 124, 80, 76]
1.3865021899862235
[78, 56, 52, 152, 48, 48, 38, 124, 80, 76]
0.0
[82, 56, 52, 152, 48, 48, 38, 124, 80, 76]
0.0
[86, 56, 52, 152, 48, 48, 38, 124, 80, 76]
0.0
[90, 56, 52, 152, 48, 48, 38, 124, 80, 76]
0.0
[94, 56, 52, 152, 48, 48, 38, 124, 80, 76]
0.0
[98, 56, 52, 152, 48, 48, 38, 124, 80, 76]
0.0
[102, 56, 52, 152, 48, 48, 38, 124, 80, 76]
0.0
[106, 56, 52, 152, 48, 48, 38, 124, 80, 76]
0.0
[110, 56, 52, 152, 48, 48, 38, 124, 80, 76]
0.0
[114, 56, 52, 152, 48, 48, 38, 124, 80, 76]
0.0
[66, 40, 52, 152, 48, 48, 38, 124, 80, 76]
1.1709548168080377
[66, 44, 52, 152, 48, 48, 38, 124, 80, 76]
1.313070140962893
[66, 48, 52, 152, 48, 48, 38, 124, 80, 76]
1.3734774493833621
[66, 52, 52, 152, 48, 48, 38, 124, 80, 76]
1.3978176169243157
[66, 56, 52, 152, 48, 48, 38, 124, 80, 76]
1.4016275350966358
[66, 60, 52, 152, 48, 48, 38, 124, 80, 76]
1.3844869131914344
[66, 64, 52, 152, 48, 48, 38, 124, 80, 76]
1.355579802375398
[66, 68, 52, 152, 48, 48, 38, 124, 80, 76]
1.3277240604874485
[66, 72, 52, 152, 48, 48, 38, 124, 80, 76]
1.3029527575830642
[66, 76, 52, 152, 48, 48, 38, 124, 80, 76]
1.2789362059373015
[66, 80, 52, 152, 48, 48, 38, 124, 80, 76]
1.2572659402006288
[66, 84, 52, 152, 48, 48, 38, 124, 80, 76]
1.2411441881957592
[66, 88, 52, 152, 48, 48, 38, 124, 80, 76]
1.2307608108285808
[66, 92, 52, 152, 48, 48, 38, 124, 80, 76]
1.2259334592297757
[66, 96, 52, 152, 48, 48, 38, 124, 80, 76]
1.2278395779128313
[66, 100, 52, 152, 48, 48, 38, 124, 80, 76]
1.238117304343835
[66, 56, 52, 152, 48, 48, 30, 124, 80, 76]
1.3865022563525302
[66, 56, 52, 152, 48, 48, 34, 124, 80, 76]
1.3991302162142847
[66, 56, 52, 152, 48, 48, 38, 124, 80, 76]
1.4016275350966358
[66, 56, 52, 152, 48, 48, 42, 124, 80, 76]
1.3940483946319961
[66, 56, 52, 152, 48, 48, 46, 124, 80, 76]
1.3768228036529793
[66, 56, 52, 152, 48, 48, 50, 124, 80, 76]
1.3507350897900356
[66, 56, 52, 152, 48, 48, 54, 124, 80, 76]
1.3168658039959558
[66, 56, 52, 152, 48, 48, 58, 124, 80, 76]
1.2765102488720572
[66, 56, 52, 152, 48, 48, 62, 124, 80, 76]
1.2311407858232473
[66, 56, 52, 152, 48, 48, 66, 124, 80, 76]
1.1821199556343225
[66, 56, 52, 152, 48, 48, 70, 124, 80, 76]
1.130225455134191
[66, 56, 52, 152, 48, 48, 74, 124, 80, 76]
1.0782624132250287
[66, 56, 52, 152, 48, 48, 78, 124, 80, 76]
1.0264779400116288
[66, 56, 52, 152, 48, 48, 82, 124, 80, 76]
0.9760626713375156
[66, 56, 52, 152, 48, 48, 86, 124, 80, 76]
0.9275065082671949
[66, 56, 52, 152, 48, 48, 38, 76, 80, 76]
0.0
[66, 56, 52, 152, 48, 48, 38, 80, 80, 76]
0.0
[66, 56, 52, 152, 48, 48, 38, 84, 80, 76]
0.0
[66, 56, 52, 152, 48, 48, 38, 88, 80, 76]
0.0
[66, 56, 52, 152, 48, 48, 38, 92, 80, 76]
0.0
[66, 56, 52, 152, 48, 48, 38, 96, 80, 76]
0.0
[66, 56, 52, 152, 48, 48, 38, 100, 80, 76]
0.0
[66, 56, 52, 152, 48, 48, 38, 104, 80, 76]
0.0
[66, 56, 52, 152, 48, 48, 38, 108, 80, 76]
0.0
[66, 56, 52, 152, 48, 48, 38, 112, 80, 76]
0.0
[66, 56, 52, 152, 48, 48, 38, 116, 80, 76]
0.0
[66, 56, 52, 152, 48, 48, 38, 120, 80, 76]
0.0
[66, 56, 52, 152, 48, 48, 38, 124, 80, 76]
1.4016275350966358
[66, 56, 52, 152, 48, 48, 38, 128, 80, 76]
1.3179584847871624
[66, 56, 52, 152, 48, 48, 38, 132, 80, 76]
1.2428305025664446
[66, 56, 52, 152, 48, 48, 38, 136, 80, 76]
1.174637009203136
[66, 56, 52, 152, 48, 48, 38, 140, 80, 76]
1.1121539361015245
[66, 56, 52, 152, 48, 48, 38, 144, 80, 76]
1.0547797993896313
[66, 56, 52, 152, 48, 48, 38, 148, 80, 76]
1.0021057795986839
[66, 56, 52, 152, 48, 48, 38, 152, 80, 76]
0.953837677145672
[66, 56, 52, 152, 48, 48, 38, 156, 80, 76]
0.909964918061211
[66, 56, 52, 152, 48, 48, 38, 160, 80, 76]
0.8703066906671937
[66, 56, 52, 152, 48, 48, 38, 164, 80, 76]
0.8348208952244252
[66, 56, 52, 152, 48, 48, 38, 168, 80, 76]
0.8038658357266248
[66, 56, 52, 152, 48, 48, 38, 172, 80, 76]
0.777129274113056
[30, 56, 52, 152, 48, 48, 38, 124, 80, 76]
1.078804734242396
[34, 56, 52, 152, 48, 48, 38, 124, 80, 76]
1.1309072194080925
[38, 56, 52, 152, 48, 48, 38, 124, 80, 76]
1.1821197965588137
[42, 56, 52, 152, 48, 48, 38, 124, 80, 76]
1.231055081524954
[46, 56, 52, 152, 48, 48, 38, 124, 80, 76]
1.2764768023127069
[50, 56, 52, 152, 48, 48, 38, 124, 80, 76]
1.3168654615667856
[54, 56, 52, 152, 48, 48, 38, 124, 80, 76]
1.350734763196288
[58, 56, 52, 152, 48, 48, 38, 124, 80, 76]
1.3768227563821227
[62, 56, 52, 152, 48, 48, 38, 124, 80, 76]
1.3940482859884331
[66, 56, 52, 152, 48, 48, 38, 124, 80, 76]
1.4016275350966358
[70, 56, 52, 152, 48, 48, 38, 124, 80, 76]
1.3991300657971593
[74, 56, 52, 152, 48, 48, 38, 124, 80, 76]
1.3865021899862235
[78, 56, 52, 152, 48, 48, 38, 124, 80, 76]
0.0
[82, 56, 52, 152, 48, 48, 38, 124, 80, 76]
0.0
[86, 56, 52, 152, 48, 48, 38, 124, 80, 76]
0.0
[90, 56, 52, 152, 48, 48, 38, 124, 80, 76]
0.0
[94, 56, 52, 152, 48, 48, 38, 124, 80, 76]
0.0
[98, 56, 52, 152, 48, 48, 38, 124, 80, 76]
0.0
[102, 56, 52, 152, 48, 48, 38, 124, 80, 76]
0.0
[106, 56, 52, 152, 48, 48, 38, 124, 80, 76]
0.0
[110, 56, 52, 152, 48, 48, 38, 124, 80, 76]
0.0
[114, 56, 52, 152, 48, 48, 38, 124, 80, 76]
0.0
[118, 56, 52, 152, 48, 48, 38, 124, 80, 76]
0.0
[122, 56, 52, 152, 48, 48, 38, 124, 80, 76]
0.0
[126, 56, 52, 152, 48, 48, 38, 124, 80, 76]
0.0
[130, 56, 52, 152, 48, 48, 38, 124, 80, 76]
0.0
[134, 56, 52, 152, 48, 48, 38, 124, 80, 76]
0.0
[138, 56, 52, 152, 48, 48, 38, 124, 80, 76]
0.0
[142, 56, 52, 152, 48, 48, 38, 124, 80, 76]
0.0
[146, 56, 52, 152, 48, 48, 38, 124, 80, 76]
0.0
[150, 56, 52, 152, 48, 48, 38, 124, 80, 76]
0.0
[154, 56, 52, 152, 48, 48, 38, 124, 80, 76]
0.40366472303078327
[158, 56, 52, 152, 48, 48, 38, 124, 80, 76]
0.4022397451255926
[66, 40, 52, 152, 48, 48, 38, 124, 80, 76]
1.1709548168080377
[66, 44, 52, 152, 48, 48, 38, 124, 80, 76]
1.313070140962893
[66, 48, 52, 152, 48, 48, 38, 124, 80, 76]
1.3734774493833621
[66, 52, 52, 152, 48, 48, 38, 124, 80, 76]
1.3978176169243157
[66, 56, 52, 152, 48, 48, 38, 124, 80, 76]
1.4016275350966358
[66, 60, 52, 152, 48, 48, 38, 124, 80, 76]
1.3844869131914344
[66, 64, 52, 152, 48, 48, 38, 124, 80, 76]
1.355579802375398
[66, 68, 52, 152, 48, 48, 38, 124, 80, 76]
1.3277240604874485
[66, 72, 52, 152, 48, 48, 38, 124, 80, 76]
1.3029527575830642
[66, 76, 52, 152, 48, 48, 38, 124, 80, 76]
1.2789362059373015
[66, 80, 52, 152, 48, 48, 38, 124, 80, 76]
1.2572659402006288
[66, 84, 52, 152, 48, 48, 38, 124, 80, 76]
1.2411441881957592
[66, 88, 52, 152, 48, 48, 38, 124, 80, 76]
1.2307608108285808
[66, 92, 52, 152, 48, 48, 38, 124, 80, 76]
1.2259334592297757
[66, 96, 52, 152, 48, 48, 38, 124, 80, 76]
1.2278395779128313
[66, 100, 52, 152, 48, 48, 38, 124, 80, 76]
1.238117304343835
[66, 56, 52, 152, 48, 48, 30, 124, 80, 76]
1.3865022563525302
[66, 56, 52, 152, 48, 48, 34, 124, 80, 76]
1.3991302162142847
[66, 56, 52, 152, 48, 48, 38, 124, 80, 76]
1.4016275350966358
[66, 56, 52, 152, 48, 48, 42, 124, 80, 76]
1.3940483946319961
[66, 56, 52, 152, 48, 48, 46, 124, 80, 76]
1.3768228036529793
[66, 56, 52, 152, 48, 48, 50, 124, 80, 76]
1.3507350897900356
[66, 56, 52, 152, 48, 48, 54, 124, 80, 76]
1.3168658039959558
[66, 56, 52, 152, 48, 48, 58, 124, 80, 76]
1.2765102488720572
[66, 56, 52, 152, 48, 48, 62, 124, 80, 76]
1.2311407858232473
[66, 56, 52, 152, 48, 48, 66, 124, 80, 76]
1.1821199556343225
[66, 56, 52, 152, 48, 48, 70, 124, 80, 76]
1.130225455134191
[66, 56, 52, 152, 48, 48, 74, 124, 80, 76]
1.0782624132250287
[66, 56, 52, 152, 48, 48, 78, 124, 80, 76]
1.0264779400116288
[66, 56, 52, 152, 48, 48, 82, 124, 80, 76]
0.9760626713375156
[66, 56, 52, 152, 48, 48, 86, 124, 80, 76]
0.9275065082671949
[66, 56, 52, 152, 48, 48, 90, 124, 80, 76]
0.8815395914304396
[66, 56, 52, 152, 48, 48, 94, 124, 80, 76]
0.8385836690176203
[66, 56, 52, 152, 48, 48, 98, 124, 80, 76]
0.7989176023196614
[66, 56, 52, 152, 48, 48, 102, 124, 80, 76]
0.7629970826287769
[66, 56, 52, 152, 48, 48, 106, 124, 80, 76]
0.7303503075591709
[66, 56, 52, 152, 48, 48, 110, 124, 80, 76]
0.7012005366502867
[66, 56, 52, 152, 48, 48, 114, 124, 80, 76]
0.6754824700777136
[66, 56, 52, 152, 48, 48, 118, 124, 80, 76]
0.6530949320786987
[66, 56, 52, 152, 48, 48, 122, 124, 80, 76]
0.6339112515816636
[66, 56, 52, 152, 48, 48, 126, 124, 80, 76]
0.6178190494203517
[66, 56, 52, 152, 48, 48, 130, 124, 80, 76]
0.6044307939426576
[66, 56, 52, 152, 48, 48, 134, 124, 80, 76]
0.5938727797321381
[66, 56, 52, 152, 48, 48, 138, 124, 80, 76]
0.5859084767366927
[66, 56, 52, 152, 48, 48, 142, 124, 80, 76]
0.5804475442135741
[66, 56, 52, 152, 48, 48, 146, 124, 80, 76]
0.5773816861890724
[66, 56, 52, 152, 48, 48, 150, 124, 80, 76]
0.5757758462976752
[66, 56, 52, 152, 48, 48, 38, 40, 80, 76]
0.0
[66, 56, 52, 152, 48, 48, 38, 44, 80, 76]
0.0
[66, 56, 52, 152, 48, 48, 38, 48, 80, 76]
0.0
[66, 56, 52, 152, 48, 48, 38, 52, 80, 76]
0.0
[66, 56, 52, 152, 48, 48, 38, 56, 80, 76]
0.0
[66, 56, 52, 152, 48, 48, 38, 60, 80, 76]
0.0
[66, 56, 52, 152, 48, 48, 38, 64, 80, 76]
0.0
[66, 56, 52, 152, 48, 48, 38, 68, 80, 76]
0.0
[66, 56, 52, 152, 48, 48, 38, 72, 80, 76]
0.0
[66, 56, 52, 152, 48, 48, 38, 76, 80, 76]
0.0
[66, 56, 52, 152, 48, 48, 38, 80, 80, 76]
0.0
[66, 56, 52, 152, 48, 48, 38, 84, 80, 76]
0.0
[66, 56, 52, 152, 48, 48, 38, 88, 80, 76]
0.0
[66, 56, 52, 152, 48, 48, 38, 92, 80, 76]
0.0
[66, 56, 52, 152, 48, 48, 38, 96, 80, 76]
0.0
[66, 56, 52, 152, 48, 48, 38, 100, 80, 76]
0.0
[66, 56, 52, 152, 48, 48, 38, 104, 80, 76]
0.0
[66, 56, 52, 152, 48, 48, 38, 108, 80, 76]
0.0
[66, 56, 52, 152, 48, 48, 38, 112, 80, 76]
0.0
[66, 56, 52, 152, 48, 48, 38, 116, 80, 76]
0.0
[66, 56, 52, 152, 48, 48, 38, 120, 80, 76]
0.0
[66, 56, 52, 152, 48, 48, 38, 124, 80, 76]
1.4016275350966358
[66, 56, 52, 152, 48, 48, 38, 128, 80, 76]
1.3179584847871624
[66, 56, 52, 152, 48, 48, 38, 132, 80, 76]
1.2428305025664446
[66, 56, 52, 152, 48, 48, 38, 136, 80, 76]
1.174637009203136
[66, 56, 52, 152, 48, 48, 38, 140, 80, 76]
1.1121539361015245
[66, 56, 52, 152, 48, 48, 38, 144, 80, 76]
1.0547797993896313
[66, 56, 52, 152, 48, 48, 38, 148, 80, 76]
1.0021057795986839
[66, 56, 52, 152, 48, 48, 38, 152, 80, 76]
0.953837677145672
[66, 56, 52, 152, 48, 48, 38, 156, 80, 76]
0.909964918061211
[66, 56, 52, 152, 48, 48, 38, 160, 80, 76]
0.8703066906671937
[66, 56, 52, 152, 48, 48, 38, 164, 80, 76]
0.8348208952244252
[66, 56, 52, 152, 48, 48, 38, 168, 80, 76]
0.8038658357266248
[66, 56, 52, 152, 48, 48, 38, 172, 80, 76]
0.777129274113056
[66, 56, 52, 152, 48, 48, 38, 176, 80, 76]
0.7543063987753191
[66, 56, 52, 152, 48, 48, 38, 180, 80, 76]
0.7343978988375779
[66, 56, 52, 152, 48, 48, 38, 184, 80, 76]
0.7157569205556469
[66, 56, 52, 152, 48, 48, 38, 188, 80, 76]
0.6958369631170196
[66, 56, 52, 152, 48, 48, 38, 192, 80, 76]
0.6720565683927275
[66, 56, 52, 152, 48, 48, 38, 196, 80, 76]
0.6429924712720341
[66, 56, 52, 152, 48, 48, 38, 200, 80, 76]
0.6094607767920366
[66, 56, 52, 152, 48, 48, 38, 204, 80, 76]
0.574616730244141
[66, 56, 52, 152, 48, 48, 38, 208, 80, 76]
0.542793046032237
[66, 56, 52, 152, 48, 48, 38, 212, 80, 76]
0.5157515120604528
[66, 56, 52, 152, 48, 48, 38, 216, 80, 76]
0.4954385299153743
[66, 56, 52, 152, 48, 48, 38, 220, 80, 76]
0.47998521301294517
[66, 56, 52, 152, 48, 48, 38, 224, 80, 76]
0.46783287446226973
[66, 56, 52, 152, 48, 48, 38, 228, 80, 76]
0.4580339540841576
[66, 56, 52, 152, 48, 48, 38, 232, 80, 76]
0.4507717825099675
[66, 56, 52, 152, 48, 48, 38, 236, 80, 76]
0.44508004506734267
[66, 56, 52, 152, 48, 48, 38, 240, 80, 76]
0.4406568362413299
[66, 56, 52, 152, 48, 48, 38, 244, 80, 76]
0.4369280174008898
[66, 56, 52, 152, 48, 48, 38, 248, 80, 76]
0.4345957825608029
[66, 56, 52, 152, 48, 48, 38, 252, 80, 76]
0.4343400716892334
[66, 56, 52, 152, 48, 48, 38, 256, 80, 76]
0.43577798489399844
[66, 56, 52, 152, 48, 48, 38, 260, 80, 76]
0.43860207810737384
[66, 56, 52, 152, 48, 48, 38, 264, 80, 76]
0.443359354277465
[66, 56, 52, 152, 48, 48, 38, 268, 80, 76]
0.4505630977348354
[66, 56, 52, 152, 48, 48, 38, 272, 80, 76]
0.4596443346892807
[66, 56, 52, 152, 48, 48, 38, 276, 80, 76]
0.4712646707628265
[66, 56, 52, 152, 48, 48, 38, 280, 80, 76]
0.4874929004822608
[66, 56, 52, 152, 48, 48, 38, 284, 80, 76]
0.508970304085554
[66, 56, 52, 152, 48, 48, 38, 288, 80, 76]
0.5376521142373629
[66, 56, 52, 152, 48, 48, 38, 292, 80, 76]
0.5766256701561441
[66, 56, 52, 152, 48, 48, 38, 296, 80, 76]
0.6305692834531491
[66, 56, 52, 152, 48, 48, 38, 300, 80, 76]
0.7081474888874768
[66, 56, 52, 152, 48, 48, 38, 304, 80, 76]
-1
[66, 56, 52, 152, 48, 48, 38, 308, 80, 76]
-1
[66, 56, 52, 152, 48, 48, 38, 312, 80, 76]
-1
[66, 56, 52, 152, 48, 48, 38, 316, 80, 76]
-1
[66, 56, 52, 152, 48, 48, 38, 320, 80, 76]
-1
[66, 56, 52, 152, 48, 48, 38, 324, 80, 76]
-1
[66, 56, 52, 152, 48, 48, 38, 328, 80, 76]
-1
[66, 56, 52, 152, 48, 48, 38, 332, 80, 76]
-1
[66, 56, 52, 152, 48, 48, 38, 336, 80, 76]
-1
[66, 56, 52, 152, 48, 48, 38, 340, 80, 76]
-1
[30, 56, 52, 152, 48, 48, 38, 124, 80, 76]
1.078804734242396
[34, 56, 52, 152, 48, 48, 38, 124, 80, 76]
1.1309072194080925
[38, 56, 52, 152, 48, 48, 38, 124, 80, 76]
1.1821197965588137
[42, 56, 52, 152, 48, 48, 38, 124, 80, 76]
1.231055081524954
[46, 56, 52, 152, 48, 48, 38, 124, 80, 76]
1.2764768023127069
[50, 56, 52, 152, 48, 48, 38, 124, 80, 76]
1.3168654615667856
[54, 56, 52, 152, 48, 48, 38, 124, 80, 76]
1.350734763196288
[58, 56, 52, 152, 48, 48, 38, 124, 80, 76]
1.3768227563821227
[62, 56, 52, 152, 48, 48, 38, 124, 80, 76]
1.3940482859884331
[66, 56, 52, 152, 48, 48, 38, 124, 80, 76]
1.4016275350966358
[70, 56, 52, 152, 48, 48, 38, 124, 80, 76]
1.3991300657971593
[74, 56, 52, 152, 48, 48, 38, 124, 80, 76]
1.3865021899862235
[78, 56, 52, 152, 48, 48, 38, 124, 80, 76]
0.0
[82, 56, 52, 152, 48, 48, 38, 124, 80, 76]
0.0
[86, 56, 52, 152, 48, 48, 38, 124, 80, 76]
0.0
[90, 56, 52, 152, 48, 48, 38, 124, 80, 76]
0.0
[94, 56, 52, 152, 48, 48, 38, 124, 80, 76]
0.0
[98, 56, 52, 152, 48, 48, 38, 124, 80, 76]
0.0
[102, 56, 52, 152, 48, 48, 38, 124, 80, 76]
0.0
[106, 56, 52, 152, 48, 48, 38, 124, 80, 76]
0.0
[110, 56, 52, 152, 48, 48, 38, 124, 80, 76]
0.0
[114, 56, 52, 152, 48, 48, 38, 124, 80, 76]
0.0
[66, 40, 52, 152, 48, 48, 38, 124, 80, 76]
1.1709548168080377
[66, 44, 52, 152, 48, 48, 38, 124, 80, 76]
1.313070140962893
[66, 48, 52, 152, 48, 48, 38, 124, 80, 76]
1.3734774493833621
[66, 52, 52, 152, 48, 48, 38, 124, 80, 76]
1.3978176169243157
[66, 56, 52, 152, 48, 48, 38, 124, 80, 76]
1.4016275350966358
[66, 60, 52, 152, 48, 48, 38, 124, 80, 76]
1.3844869131914344
[66, 64, 52, 152, 48, 48, 38, 124, 80, 76]
1.355579802375398
[66, 68, 52, 152, 48, 48, 38, 124, 80, 76]
1.3277240604874485
[66, 72, 52, 152, 48, 48, 38, 124, 80, 76]
1.3029527575830642
[66, 76, 52, 152, 48, 48, 38, 124, 80, 76]
1.2789362059373015
[66, 80, 52, 152, 48, 48, 38, 124, 80, 76]
1.2572659402006288
[66, 84, 52, 152, 48, 48, 38, 124, 80, 76]
1.2411441881957592
[66, 88, 52, 152, 48, 48, 38, 124, 80, 76]
1.2307608108285808
[66, 92, 52, 152, 48, 48, 38, 124, 80, 76]
1.2259334592297757
[66, 96, 52, 152, 48, 48, 38, 124, 80, 76]
1.2278395779128313
[66, 100, 52, 152, 48, 48, 38, 124, 80, 76]
1.238117304343835
[66, 56, 52, 152, 48, 48, 30, 124, 80, 76]
1.3865022563525302
[66, 56, 52, 152, 48, 48, 34, 124, 80, 76]
1.3991302162142847
[66, 56, 52, 152, 48, 48, 38, 124, 80, 76]
1.4016275350966358
[66, 56, 52, 152, 48, 48, 42, 124, 80, 76]
1.3940483946319961
[66, 56, 52, 152, 48, 48, 46, 124, 80, 76]
1.3768228036529793
[66, 56, 52, 152, 48, 48, 50, 124, 80, 76]
1.3507350897900356
[66, 56, 52, 152, 48, 48, 54, 124, 80, 76]
1.3168658039959558
[66, 56, 52, 152, 48, 48, 58, 124, 80, 76]
1.2765102488720572
[66, 56, 52, 152, 48, 48, 62, 124, 80, 76]
1.2311407858232473
[66, 56, 52, 152, 48, 48, 66, 124, 80, 76]
1.1821199556343225
[66, 56, 52, 152, 48, 48, 70, 124, 80, 76]
1.130225455134191
[66, 56, 52, 152, 48, 48, 74, 124, 80, 76]
1.0782624132250287
[66, 56, 52, 152, 48, 48, 78, 124, 80, 76]
1.0264779400116288
[66, 56, 52, 152, 48, 48, 82, 124, 80, 76]
0.9760626713375156
[66, 56, 52, 152, 48, 48, 86, 124, 80, 76]
0.9275065082671949
[66, 56, 52, 152, 48, 48, 38, 76, 80, 76]
0.0
[66, 56, 52, 152, 48, 48, 38, 80, 80, 76]
0.0
[66, 56, 52, 152, 48, 48, 38, 84, 80, 76]
0.0
[66, 56, 52, 152, 48, 48, 38, 88, 80, 76]
0.0
[66, 56, 52, 152, 48, 48, 38, 92, 80, 76]
0.0
[66, 56, 52, 152, 48, 48, 38, 96, 80, 76]
0.0
[66, 56, 52, 152, 48, 48, 38, 100, 80, 76]
0.0
[66, 56, 52, 152, 48, 48, 38, 104, 80, 76]
0.0
[66, 56, 52, 152, 48, 48, 38, 108, 80, 76]
0.0
[66, 56, 52, 152, 48, 48, 38, 112, 80, 76]
0.0
[66, 56, 52, 152, 48, 48, 38, 116, 80, 76]
0.0
[66, 56, 52, 152, 48, 48, 38, 120, 80, 76]
0.0
[66, 56, 52, 152, 48, 48, 38, 124, 80, 76]
1.4016275350966358
[66, 56, 52, 152, 48, 48, 38, 128, 80, 76]
1.3179584847871624
[66, 56, 52, 152, 48, 48, 38, 132, 80, 76]
1.2428305025664446
[66, 56, 52, 152, 48, 48, 38, 136, 80, 76]
1.174637009203136
[66, 56, 52, 152, 48, 48, 38, 140, 80, 76]
1.1121539361015245
[66, 56, 52, 152, 48, 48, 38, 144, 80, 76]
1.0547797993896313
[66, 56, 52, 152, 48, 48, 38, 148, 80, 76]
1.0021057795986839
[66, 56, 52, 152, 48, 48, 38, 152, 80, 76]
0.953837677145672
[66, 56, 52, 152, 48, 48, 38, 156, 80, 76]
0.909964918061211
[66, 56, 52, 152, 48, 48, 38, 160, 80, 76]
0.8703066906671937
[66, 56, 52, 152, 48, 48, 38, 164, 80, 76]
0.8348208952244252
[66, 56, 52, 152, 48, 48, 38, 168, 80, 76]
0.8038658357266248
[66, 56, 52, 152, 48, 48, 38, 172, 80, 76]
0.777129274113056
[30, 56, 52, 152, 48, 48, 38, 124, 80, 76]
1.078804734242396
[34, 56, 52, 152, 48, 48, 38, 124, 80, 76]
1.1309072194080925
[38, 56, 52, 152, 48, 48, 38, 124, 80, 76]
1.1821197965588137
[42, 56, 52, 152, 48, 48, 38, 124, 80, 76]
1.231055081524954
[46, 56, 52, 152, 48, 48, 38, 124, 80, 76]
1.2764768023127069
[50, 56, 52, 152, 48, 48, 38, 124, 80, 76]
1.3168654615667856
[54, 56, 52, 152, 48, 48, 38, 124, 80, 76]
1.350734763196288
[58, 56, 52, 152, 48, 48, 38, 124, 80, 76]
1.3768227563821227
[62, 56, 52, 152, 48, 48, 38, 124, 80, 76]
1.3940482859884331
[66, 56, 52, 152, 48, 48, 38, 124, 80, 76]
1.4016275350966358
[70, 56, 52, 152, 48, 48, 38, 124, 80, 76]
1.3991300657971593
[74, 56, 52, 152, 48, 48, 38, 124, 80, 76]
1.3865021899862235
[78, 56, 52, 152, 48, 48, 38, 124, 80, 76]
0.0
[82, 56, 52, 152, 48, 48, 38, 124, 80, 76]
0.0
[86, 56, 52, 152, 48, 48, 38, 124, 80, 76]
0.0
[90, 56, 52, 152, 48, 48, 38, 124, 80, 76]
0.0
[94, 56, 52, 152, 48, 48, 38, 124, 80, 76]
0.0
[98, 56, 52, 152, 48, 48, 38, 124, 80, 76]
0.0
[102, 56, 52, 152, 48, 48, 38, 124, 80, 76]
0.0
[106, 56, 52, 152, 48, 48, 38, 124, 80, 76]
0.0
[110, 56, 52, 152, 48, 48, 38, 124, 80, 76]
0.0
[114, 56, 52, 152, 48, 48, 38, 124, 80, 76]
0.0
[118, 56, 52, 152, 48, 48, 38, 124, 80, 76]
0.0
[122, 56, 52, 152, 48, 48, 38, 124, 80, 76]
0.0
[126, 56, 52, 152, 48, 48, 38, 124, 80, 76]
0.0
[130, 56, 52, 152, 48, 48, 38, 124, 80, 76]
0.0
[134, 56, 52, 152, 48, 48, 38, 124, 80, 76]
0.0
[138, 56, 52, 152, 48, 48, 38, 124, 80, 76]
0.0
[142, 56, 52, 152, 48, 48, 38, 124, 80, 76]
0.0
[146, 56, 52, 152, 48, 48, 38, 124, 80, 76]
0.0
[150, 56, 52, 152, 48, 48, 38, 124, 80, 76]
0.0
[154, 56, 52, 152, 48, 48, 38, 124, 80, 76]
0.40366472303078327
[158, 56, 52, 152, 48, 48, 38, 124, 80, 76]
0.4022397451255926
[66, 40, 52, 152, 48, 48, 38, 124, 80, 76]
1.1709548168080377
[66, 44, 52, 152, 48, 48, 38, 124, 80, 76]
1.313070140962893
[66, 48, 52, 152, 48, 48, 38, 124, 80, 76]
1.3734774493833621
[66, 52, 52, 152, 48, 48, 38, 124, 80, 76]
1.3978176169243157
[66, 56, 52, 152, 48, 48, 38, 124, 80, 76]
1.4016275350966358
[66, 60, 52, 152, 48, 48, 38, 124, 80, 76]
1.3844869131914344
[66, 64, 52, 152, 48, 48, 38, 124, 80, 76]
1.355579802375398
[66, 68, 52, 152, 48, 48, 38, 124, 80, 76]
1.3277240604874485
[66, 72, 52, 152, 48, 48, 38, 124, 80, 76]
1.3029527575830642
[66, 76, 52, 152, 48, 48, 38, 124, 80, 76]
1.2789362059373015
[66, 80, 52, 152, 48, 48, 38, 124, 80, 76]
1.2572659402006288
[66, 84, 52, 152, 48, 48, 38, 124, 80, 76]
1.2411441881957592
[66, 88, 52, 152, 48, 48, 38, 124, 80, 76]
1.2307608108285808
[66, 92, 52, 152, 48, 48, 38, 124, 80, 76]
1.2259334592297757
[66, 96, 52, 152, 48, 48, 38, 124, 80, 76]
1.2278395779128313
[66, 100, 52, 152, 48, 48, 38, 124, 80, 76]
1.238117304343835
[66, 56, 52, 152, 48, 48, 30, 124, 80, 76]
1.3865022563525302
[66, 56, 52, 152, 48, 48, 34, 124, 80, 76]
1.3991302162142847
[66, 56, 52, 152, 48, 48, 38, 124, 80, 76]
1.4016275350966358
[66, 56, 52, 152, 48, 48, 42, 124, 80, 76]
1.3940483946319961
[66, 56, 52, 152, 48, 48, 46, 124, 80, 76]
1.3768228036529793
[66, 56, 52, 152, 48, 48, 50, 124, 80, 76]
1.3507350897900356
[66, 56, 52, 152, 48, 48, 54, 124, 80, 76]
1.3168658039959558
[66, 56, 52, 152, 48, 48, 58, 124, 80, 76]
1.2765102488720572
[66, 56, 52, 152, 48, 48, 62, 124, 80, 76]
1.2311407858232473
[66, 56, 52, 152, 48, 48, 66, 124, 80, 76]
1.1821199556343225
[66, 56, 52, 152, 48, 48, 70, 124, 80, 76]
1.130225455134191
[66, 56, 52, 152, 48, 48, 74, 124, 80, 76]
1.0782624132250287
[66, 56, 52, 152, 48, 48, 78, 124, 80, 76]
1.0264779400116288
[66, 56, 52, 152, 48, 48, 82, 124, 80, 76]
0.9760626713375156
[66, 56, 52, 152, 48, 48, 86, 124, 80, 76]
0.9275065082671949
[66, 56, 52, 152, 48, 48, 90, 124, 80, 76]
0.8815395914304396
[66, 56, 52, 152, 48, 48, 94, 124, 80, 76]
0.8385836690176203
[66, 56, 52, 152, 48, 48, 98, 124, 80, 76]
0.7989176023196614
[66, 56, 52, 152, 48, 48, 102, 124, 80, 76]
0.7629970826287769
[66, 56, 52, 152, 48, 48, 106, 124, 80, 76]
0.7303503075591709
[66, 56, 52, 152, 48, 48, 110, 124, 80, 76]
0.7012005366502867
[66, 56, 52, 152, 48, 48, 114, 124, 80, 76]
0.6754824700777136
[66, 56, 52, 152, 48, 48, 118, 124, 80, 76]
0.6530949320786987
[66, 56, 52, 152, 48, 48, 122, 124, 80, 76]
0.6339112515816636
[66, 56, 52, 152, 48, 48, 126, 124, 80, 76]
0.6178190494203517
[66, 56, 52, 152, 48, 48, 130, 124, 80, 76]
0.6044307939426576
[66, 56, 52, 152, 48, 48, 134, 124, 80, 76]
0.5938727797321381
[66, 56, 52, 152, 48, 48, 138, 124, 80, 76]
0.5859084767366927
[66, 56, 52, 152, 48, 48, 142, 124, 80, 76]
0.5804475442135741
[66, 56, 52, 152, 48, 48, 146, 124, 80, 76]
0.5773816861890724
[66, 56, 52, 152, 48, 48, 150, 124, 80, 76]
0.5757758462976752
[66, 56, 52, 152, 48, 48, 38, 40, 80, 76]
0.0
[66, 56, 52, 152, 48, 48, 38, 44, 80, 76]
0.0
[66, 56, 52, 152, 48, 48, 38, 48, 80, 76]
0.0
[66, 56, 52, 152, 48, 48, 38, 52, 80, 76]
0.0
[66, 56, 52, 152, 48, 48, 38, 56, 80, 76]
0.0
[66, 56, 52, 152, 48, 48, 38, 60, 80, 76]
0.0
[66, 56, 52, 152, 48, 48, 38, 64, 80, 76]
0.0
[66, 56, 52, 152, 48, 48, 38, 68, 80, 76]
0.0
[66, 56, 52, 152, 48, 48, 38, 72, 80, 76]
0.0
[66, 56, 52, 152, 48, 48, 38, 76, 80, 76]
0.0
[66, 56, 52, 152, 48, 48, 38, 80, 80, 76]
0.0
[66, 56, 52, 152, 48, 48, 38, 84, 80, 76]
0.0
[66, 56, 52, 152, 48, 48, 38, 88, 80, 76]
0.0
[66, 56, 52, 152, 48, 48, 38, 92, 80, 76]
0.0
[66, 56, 52, 152, 48, 48, 38, 96, 80, 76]
0.0
[66, 56, 52, 152, 48, 48, 38, 100, 80, 76]
0.0
[66, 56, 52, 152, 48, 48, 38, 104, 80, 76]
0.0
[66, 56, 52, 152, 48, 48, 38, 108, 80, 76]
0.0
[66, 56, 52, 152, 48, 48, 38, 112, 80, 76]
0.0
[66, 56, 52, 152, 48, 48, 38, 116, 80, 76]
0.0
[66, 56, 52, 152, 48, 48, 38, 120, 80, 76]
0.0
[66, 56, 52, 152, 48, 48, 38, 124, 80, 76]
1.4016275350966358
[66, 56, 52, 152, 48, 48, 38, 128, 80, 76]
1.3179584847871624
[66, 56, 52, 152, 48, 48, 38, 132, 80, 76]
1.2428305025664446
[66, 56, 52, 152, 48, 48, 38, 136, 80, 76]
1.174637009203136
[66, 56, 52, 152, 48, 48, 38, 140, 80, 76]
1.1121539361015245
[66, 56, 52, 152, 48, 48, 38, 144, 80, 76]
1.0547797993896313
[66, 56, 52, 152, 48, 48, 38, 148, 80, 76]
1.0021057795986839
[66, 56, 52, 152, 48, 48, 38, 152, 80, 76]
0.953837677145672
[66, 56, 52, 152, 48, 48, 38, 156, 80, 76]
0.909964918061211
[66, 56, 52, 152, 48, 48, 38, 160, 80, 76]
0.8703066906671937
[66, 56, 52, 152, 48, 48, 38, 164, 80, 76]
0.8348208952244252
[66, 56, 52, 152, 48, 48, 38, 168, 80, 76]
0.8038658357266248
[66, 56, 52, 152, 48, 48, 38, 172, 80, 76]
0.777129274113056
[66, 56, 52, 152, 48, 48, 38, 176, 80, 76]
0.7543063987753191
[66, 56, 52, 152, 48, 48, 38, 180, 80, 76]
0.7343978988375779
[66, 56, 52, 152, 48, 48, 38, 184, 80, 76]
0.7157569205556469
[66, 56, 52, 152, 48, 48, 38, 188, 80, 76]
0.6958369631170196
[66, 56, 52, 152, 48, 48, 38, 192, 80, 76]
0.6720565683927275
[66, 56, 52, 152, 48, 48, 38, 196, 80, 76]
0.6429924712720341
[66, 56, 52, 152, 48, 48, 38, 200, 80, 76]
0.6094607767920366
[66, 56, 52, 152, 48, 48, 38, 204, 80, 76]
0.574616730244141
[66, 56, 52, 152, 48, 48, 38, 208, 80, 76]
0.542793046032237
[66, 56, 52, 152, 48, 48, 38, 212, 80, 76]
0.5157515120604528
[66, 56, 52, 152, 48, 48, 38, 216, 80, 76]
0.4954385299153743
[66, 56, 52, 152, 48, 48, 38, 220, 80, 76]
0.47998521301294517
[66, 56, 52, 152, 48, 48, 38, 224, 80, 76]
0.46783287446226973
[66, 56, 52, 152, 48, 48, 38, 228, 80, 76]
0.4580339540841576
[66, 56, 52, 152, 48, 48, 38, 232, 80, 76]
0.4507717825099675
[66, 56, 52, 152, 48, 48, 38, 236, 80, 76]
0.44508004506734267
[66, 56, 52, 152, 48, 48, 38, 240, 80, 76]
0.4406568362413299
[66, 56, 52, 152, 48, 48, 38, 244, 80, 76]
0.4369280174008898
[66, 56, 52, 152, 48, 48, 38, 248, 80, 76]
0.4345957825608029
[66, 56, 52, 152, 48, 48, 38, 252, 80, 76]
0.4343400716892334
[66, 56, 52, 152, 48, 48, 38, 256, 80, 76]
0.43577798489399844
[66, 56, 52, 152, 48, 48, 38, 260, 80, 76]
0.43860207810737384
[66, 56, 52, 152, 48, 48, 38, 264, 80, 76]
0.443359354277465
[66, 56, 52, 152, 48, 48, 38, 268, 80, 76]
0.4505630977348354
[66, 56, 52, 152, 48, 48, 38, 272, 80, 76]
0.4596443346892807
[66, 56, 52, 152, 48, 48, 38, 276, 80, 76]
0.4712646707628265
[66, 56, 52, 152, 48, 48, 38, 280, 80, 76]
0.4874929004822608
[66, 56, 52, 152, 48, 48, 38, 284, 80, 76]
0.508970304085554
[66, 56, 52, 152, 48, 48, 38, 288, 80, 76]
0.5376521142373629
[66, 56, 52, 152, 48, 48, 38, 292, 80, 76]
0.5766256701561441
[66, 56, 52, 152, 48, 48, 38, 296, 80, 76]
0.6305692834531491
[66, 56, 52, 152, 48, 48, 38, 300, 80, 76]
0.7081474888874768
[66, 56, 52, 152, 48, 48, 38, 304, 80, 76]
-1
[66, 56, 52, 152, 48, 48, 38, 308, 80, 76]
-1
[66, 56, 52, 152, 48, 48, 38, 312, 80, 76]
-1
[66, 56, 52, 152, 48, 48, 38, 316, 80, 76]
-1
[66, 56, 52, 152, 48, 48, 38, 320, 80, 76]
-1
[66, 56, 52, 152, 48, 48, 38, 324, 80, 76]
-1
[66, 56, 52, 152, 48, 48, 38, 328, 80, 76]
-1
[66, 56, 52, 152, 48, 48, 38, 332, 80, 76]
-1
[66, 56, 52, 152, 48, 48, 38, 336, 80, 76]
-1
[66, 56, 52, 152, 48, 48, 38, 340, 80, 76]
-1
[30, 56, 52, 152, 48, 48, 38, 124, 80, 76]
1.078804734242396
[34, 56, 52, 152, 48, 48, 38, 124, 80, 76]
1.1309072194080925
[38, 56, 52, 152, 48, 48, 38, 124, 80, 76]
1.1821197965588137
[42, 56, 52, 152, 48, 48, 38, 124, 80, 76]
1.231055081524954
[46, 56, 52, 152, 48, 48, 38, 124, 80, 76]
1.2764768023127069
[50, 56, 52, 152, 48, 48, 38, 124, 80, 76]
1.3168654615667856
[54, 56, 52, 152, 48, 48, 38, 124, 80, 76]
1.350734763196288
[58, 56, 52, 152, 48, 48, 38, 124, 80, 76]
-1
[62, 56, 52, 152, 48, 48, 38, 124, 80, 76]
1.3940482859884331
[66, 56, 52, 152, 48, 48, 38, 124, 80, 76]
1.4016275350966358
[70, 56, 52, 152, 48, 48, 38, 124, 80, 76]
1.3991300657971593
[74, 56, 52, 152, 48, 48, 38, 124, 80, 76]
1.3865021899862235
[78, 56, 52, 152, 48, 48, 38, 124, 80, 76]
0.0
[82, 56, 52, 152, 48, 48, 38, 124, 80, 76]
0.0
[86, 56, 52, 152, 48, 48, 38, 124, 80, 76]
0.0
[90, 56, 52, 152, 48, 48, 38, 124, 80, 76]
0.0
[94, 56, 52, 152, 48, 48, 38, 124, 80, 76]
0.0
[98, 56, 52, 152, 48, 48, 38, 124, 80, 76]
0.0
[102, 56, 52, 152, 48, 48, 38, 124, 80, 76]
0.0
[106, 56, 52, 152, 48, 48, 38, 124, 80, 76]
0.0
[110, 56, 52, 152, 48, 48, 38, 124, 80, 76]
0.0
[114, 56, 52, 152, 48, 48, 38, 124, 80, 76]
0.0
[66, 40, 52, 152, 48, 48, 38, 124, 80, 76]
1.1709548168080377
[66, 44, 52, 152, 48, 48, 38, 124, 80, 76]
1.313070140962893
[66, 48, 52, 152, 48, 48, 38, 124, 80, 76]
1.3734774493833621
[66, 52, 52, 152, 48, 48, 38, 124, 80, 76]
1.3978176169243157
[66, 56, 52, 152, 48, 48, 38, 124, 80, 76]
1.4016275350966358
[66, 60, 52, 152, 48, 48, 38, 124, 80, 76]
1.3844869131914344
[66, 64, 52, 152, 48, 48, 38, 124, 80, 76]
1.355579802375398
[66, 68, 52, 152, 48, 48, 38, 124, 80, 76]
1.3277240604874485
[66, 72, 52, 152, 48, 48, 38, 124, 80, 76]
1.3029527575830642
[66, 76, 52, 152, 48, 48, 38, 124, 80, 76]
1.2789362059373015
[66, 80, 52, 152, 48, 48, 38, 124, 80, 76]
1.2572659402006288
[66, 84, 52, 152, 48, 48, 38, 124, 80, 76]
1.2411441881957592
[66, 88, 52, 152, 48, 48, 38, 124, 80, 76]
1.2307608108285808
[66, 92, 52, 152, 48, 48, 38, 124, 80, 76]
1.2259334592297757
[66, 96, 52, 152, 48, 48, 38, 124, 80, 76]
1.2278395779128313
[66, 100, 52, 152, 48, 48, 38, 124, 80, 76]
1.238117304343835
[66, 56, 52, 152, 48, 48, 30, 124, 80, 76]
1.3865022563525302
[66, 56, 52, 152, 48, 48, 34, 124, 80, 76]
1.3991302162142847
[66, 56, 52, 152, 48, 48, 38, 124, 80, 76]
1.4016275350966358
[66, 56, 52, 152, 48, 48, 42, 124, 80, 76]
1.3940483946319961
[66, 56, 52, 152, 48, 48, 46, 124, 80, 76]
1.3768228036529793
[66, 56, 52, 152, 48, 48, 50, 124, 80, 76]
1.3507350897900356
[66, 56, 52, 152, 48, 48, 54, 124, 80, 76]
1.3168658039959558
[66, 56, 52, 152, 48, 48, 58, 124, 80, 76]
1.2765102488720572
[66, 56, 52, 152, 48, 48, 62, 124, 80, 76]
1.2311407858232473
[66, 56, 52, 152, 48, 48, 66, 124, 80, 76]
1.1821199556343225
[66, 56, 52, 152, 48, 48, 70, 124, 80, 76]
1.130225455134191
[66, 56, 52, 152, 48, 48, 74, 124, 80, 76]
1.0782624132250287
[66, 56, 52, 152, 48, 48, 78, 124, 80, 76]
1.0264779400116288
[66, 56, 52, 152, 48, 48, 82, 124, 80, 76]
0.9760626713375156
[66, 56, 52, 152, 48, 48, 86, 124, 80, 76]
0.9275065082671949
[66, 56, 52, 152, 48, 48, 38, 76, 80, 76]
0.0
[66, 56, 52, 152, 48, 48, 38, 80, 80, 76]
0.0
[66, 56, 52, 152, 48, 48, 38, 84, 80, 76]
0.0
[66, 56, 52, 152, 48, 48, 38, 88, 80, 76]
0.0
[66, 56, 52, 152, 48, 48, 38, 92, 80, 76]
0.0
[66, 56, 52, 152, 48, 48, 38, 96, 80, 76]
0.0
[66, 56, 52, 152, 48, 48, 38, 100, 80, 76]
0.0
[66, 56, 52, 152, 48, 48, 38, 104, 80, 76]
0.0
[66, 56, 52, 152, 48, 48, 38, 108, 80, 76]
0.0
[66, 56, 52, 152, 48, 48, 38, 112, 80, 76]
0.0
[66, 56, 52, 152, 48, 48, 38, 116, 80, 76]
0.0
[66, 56, 52, 152, 48, 48, 38, 120, 80, 76]
0.0
[66, 56, 52, 152, 48, 48, 38, 124, 80, 76]
1.4016275350966358
[66, 56, 52, 152, 48, 48, 38, 128, 80, 76]
1.3179584847871624
[66, 56, 52, 152, 48, 48, 38, 132, 80, 76]
1.2428305025664446
[66, 56, 52, 152, 48, 48, 38, 136, 80, 76]
1.174637009203136
[66, 56, 52, 152, 48, 48, 38, 140, 80, 76]
1.1121539361015245
[66, 56, 52, 152, 48, 48, 38, 144, 80, 76]
1.0547797993896313
[66, 56, 52, 152, 48, 48, 38, 148, 80, 76]
1.0021057795986839
[66, 56, 52, 152, 48, 48, 38, 152, 80, 76]
0.953837677145672
[66, 56, 52, 152, 48, 48, 38, 156, 80, 76]
0.909964918061211
[66, 56, 52, 152, 48, 48, 38, 160, 80, 76]
0.8703066906671937
[66, 56, 52, 152, 48, 48, 38, 164, 80, 76]
0.8348208952244252
[66, 56, 52, 152, 48, 48, 38, 168, 80, 76]
0.8038658357266248
[66, 56, 52, 152, 48, 48, 38, 172, 80, 76]
0.777129274113056
[30, 56, 52, 152, 48, 48, 38, 124, 80, 76]
1.078804734242396
[34, 56, 52, 152, 48, 48, 38, 124, 80, 76]
1.1309072194080925
[38, 56, 52, 152, 48, 48, 38, 124, 80, 76]
1.1821197965588137
[42, 56, 52, 152, 48, 48, 38, 124, 80, 76]
1.231055081524954
[46, 56, 52, 152, 48, 48, 38, 124, 80, 76]
1.2764768023127069
[50, 56, 52, 152, 48, 48, 38, 124, 80, 76]
1.3168654615667856
[54, 56, 52, 152, 48, 48, 38, 124, 80, 76]
1.350734763196288
[58, 56, 52, 152, 48, 48, 38, 124, 80, 76]
1.3768227563821227
[62, 56, 52, 152, 48, 48, 38, 124, 80, 76]
1.3940482859884331
[66, 56, 52, 152, 48, 48, 38, 124, 80, 76]
1.4016275350966358
[70, 56, 52, 152, 48, 48, 38, 124, 80, 76]
1.3991300657971593
[74, 56, 52, 152, 48, 48, 38, 124, 80, 76]
1.3865021899862235
[78, 56, 52, 152, 48, 48, 38, 124, 80, 76]
0.0
[82, 56, 52, 152, 48, 48, 38, 124, 80, 76]
0.0
[86, 56, 52, 152, 48, 48, 38, 124, 80, 76]
0.0
[90, 56, 52, 152, 48, 48, 38, 124, 80, 76]
0.0
[94, 56, 52, 152, 48, 48, 38, 124, 80, 76]
0.0
[98, 56, 52, 152, 48, 48, 38, 124, 80, 76]
0.0
[102, 56, 52, 152, 48, 48, 38, 124, 80, 76]
0.0
[106, 56, 52, 152, 48, 48, 38, 124, 80, 76]
0.0
[110, 56, 52, 152, 48, 48, 38, 124, 80, 76]
0.0
[114, 56, 52, 152, 48, 48, 38, 124, 80, 76]
0.0
[118, 56, 52, 152, 48, 48, 38, 124, 80, 76]
0.0
[122, 56, 52, 152, 48, 48, 38, 124, 80, 76]
0.0
[126, 56, 52, 152, 48, 48, 38, 124, 80, 76]
0.0
[130, 56, 52, 152, 48, 48, 38, 124, 80, 76]
0.0
[134, 56, 52, 152, 48, 48, 38, 124, 80, 76]
0.0
[138, 56, 52, 152, 48, 48, 38, 124, 80, 76]
0.0
[142, 56, 52, 152, 48, 48, 38, 124, 80, 76]
0.0
[146, 56, 52, 152, 48, 48, 38, 124, 80, 76]
0.0
[150, 56, 52, 152, 48, 48, 38, 124, 80, 76]
0.0
[154, 56, 52, 152, 48, 48, 38, 124, 80, 76]
0.40366472303078327
[158, 56, 52, 152, 48, 48, 38, 124, 80, 76]
0.4022397451255926
[66, 40, 52, 152, 48, 48, 38, 124, 80, 76]
1.1709548168080377
[66, 44, 52, 152, 48, 48, 38, 124, 80, 76]
1.313070140962893
[66, 48, 52, 152, 48, 48, 38, 124, 80, 76]
1.3734774493833621
[66, 52, 52, 152, 48, 48, 38, 124, 80, 76]
1.3978176169243157
[66, 56, 52, 152, 48, 48, 38, 124, 80, 76]
1.4016275350966358
[66, 60, 52, 152, 48, 48, 38, 124, 80, 76]
1.3844869131914344
[66, 64, 52, 152, 48, 48, 38, 124, 80, 76]
1.355579802375398
[66, 68, 52, 152, 48, 48, 38, 124, 80, 76]
1.3277240604874485
[66, 72, 52, 152, 48, 48, 38, 124, 80, 76]
1.3029527575830642
[66, 76, 52, 152, 48, 48, 38, 124, 80, 76]
1.2789362059373015
[66, 80, 52, 152, 48, 48, 38, 124, 80, 76]
1.2572659402006288
[66, 84, 52, 152, 48, 48, 38, 124, 80, 76]
1.2411441881957592
[66, 88, 52, 152, 48, 48, 38, 124, 80, 76]
1.2307608108285808
[66, 92, 52, 152, 48, 48, 38, 124, 80, 76]
1.2259334592297757
[66, 96, 52, 152, 48, 48, 38, 124, 80, 76]
1.2278395779128313
[66, 100, 52, 152, 48, 48, 38, 124, 80, 76]
1.238117304343835
[66, 56, 52, 152, 48, 48, 30, 124, 80, 76]
1.3865022563525302
[66, 56, 52, 152, 48, 48, 34, 124, 80, 76]
1.3991302162142847
[66, 56, 52, 152, 48, 48, 38, 124, 80, 76]
1.4016275350966358
[66, 56, 52, 152, 48, 48, 42, 124, 80, 76]
1.3940483946319961
[66, 56, 52, 152, 48, 48, 46, 124, 80, 76]
1.3768228036529793
[66, 56, 52, 152, 48, 48, 50, 124, 80, 76]
1.3507350897900356
[66, 56, 52, 152, 48, 48, 54, 124, 80, 76]
1.3168658039959558
[66, 56, 52, 152, 48, 48, 58, 124, 80, 76]
1.2765102488720572
[66, 56, 52, 152, 48, 48, 62, 124, 80, 76]
1.2311407858232473
[66, 56, 52, 152, 48, 48, 66, 124, 80, 76]
1.1821199556343225
[66, 56, 52, 152, 48, 48, 70, 124, 80, 76]
1.130225455134191
[66, 56, 52, 152, 48, 48, 74, 124, 80, 76]
1.0782624132250287
[66, 56, 52, 152, 48, 48, 78, 124, 80, 76]
1.0264779400116288
[66, 56, 52, 152, 48, 48, 82, 124, 80, 76]
0.9760626713375156
[66, 56, 52, 152, 48, 48, 86, 124, 80, 76]
0.9275065082671949
[66, 56, 52, 152, 48, 48, 90, 124, 80, 76]
0.8815395914304396
[66, 56, 52, 152, 48, 48, 94, 124, 80, 76]
0.8385836690176203
[66, 56, 52, 152, 48, 48, 98, 124, 80, 76]
0.7989176023196614
[66, 56, 52, 152, 48, 48, 102, 124, 80, 76]
0.7629970826287769
[66, 56, 52, 152, 48, 48, 106, 124, 80, 76]
0.7303503075591709
[66, 56, 52, 152, 48, 48, 110, 124, 80, 76]
0.7012005366502867
[66, 56, 52, 152, 48, 48, 114, 124, 80, 76]
0.6754824700777136
[66, 56, 52, 152, 48, 48, 118, 124, 80, 76]
0.6530949320786987
[66, 56, 52, 152, 48, 48, 122, 124, 80, 76]
0.6339112515816636
[66, 56, 52, 152, 48, 48, 126, 124, 80, 76]
0.6178190494203517
[66, 56, 52, 152, 48, 48, 130, 124, 80, 76]
0.6044307939426576
[66, 56, 52, 152, 48, 48, 134, 124, 80, 76]
0.5938727797321381
[66, 56, 52, 152, 48, 48, 138, 124, 80, 76]
0.5859084767366927
[66, 56, 52, 152, 48, 48, 142, 124, 80, 76]
0.5804475442135741
[66, 56, 52, 152, 48, 48, 146, 124, 80, 76]
0.5773816861890724
[66, 56, 52, 152, 48, 48, 150, 124, 80, 76]
0.5757758462976752
[66, 56, 52, 152, 48, 48, 38, 40, 80, 76]
0.0
[66, 56, 52, 152, 48, 48, 38, 44, 80, 76]
0.0
[66, 56, 52, 152, 48, 48, 38, 48, 80, 76]
0.0
[66, 56, 52, 152, 48, 48, 38, 52, 80, 76]
0.0
[66, 56, 52, 152, 48, 48, 38, 56, 80, 76]
0.0
[66, 56, 52, 152, 48, 48, 38, 60, 80, 76]
0.0
[66, 56, 52, 152, 48, 48, 38, 64, 80, 76]
0.0
[66, 56, 52, 152, 48, 48, 38, 68, 80, 76]
0.0
[66, 56, 52, 152, 48, 48, 38, 72, 80, 76]
0.0
[66, 56, 52, 152, 48, 48, 38, 76, 80, 76]
0.0
[66, 56, 52, 152, 48, 48, 38, 80, 80, 76]
0.0
[66, 56, 52, 152, 48, 48, 38, 84, 80, 76]
0.0
[66, 56, 52, 152, 48, 48, 38, 88, 80, 76]
0.0
[66, 56, 52, 152, 48, 48, 38, 92, 80, 76]
0.0
[66, 56, 52, 152, 48, 48, 38, 96, 80, 76]
0.0
[66, 56, 52, 152, 48, 48, 38, 100, 80, 76]
0.0
[66, 56, 52, 152, 48, 48, 38, 104, 80, 76]
0.0
[66, 56, 52, 152, 48, 48, 38, 108, 80, 76]
0.0
[66, 56, 52, 152, 48, 48, 38, 112, 80, 76]
0.0
[66, 56, 52, 152, 48, 48, 38, 116, 80, 76]
0.0
[66, 56, 52, 152, 48, 48, 38, 120, 80, 76]
0.0
[66, 56, 52, 152, 48, 48, 38, 124, 80, 76]
1.4016275350966358
[66, 56, 52, 152, 48, 48, 38, 128, 80, 76]
1.3179584847871624
[66, 56, 52, 152, 48, 48, 38, 132, 80, 76]
1.2428305025664446
[66, 56, 52, 152, 48, 48, 38, 136, 80, 76]
1.174637009203136
[66, 56, 52, 152, 48, 48, 38, 140, 80, 76]
1.1121539361015245
[66, 56, 52, 152, 48, 48, 38, 144, 80, 76]
1.0547797993896313
[66, 56, 52, 152, 48, 48, 38, 148, 80, 76]
1.0021057795986839
[66, 56, 52, 152, 48, 48, 38, 152, 80, 76]
0.953837677145672
[66, 56, 52, 152, 48, 48, 38, 156, 80, 76]
0.909964918061211
[66, 56, 52, 152, 48, 48, 38, 160, 80, 76]
0.8703066906671937
[66, 56, 52, 152, 48, 48, 38, 164, 80, 76]
0.8348208952244252
[66, 56, 52, 152, 48, 48, 38, 168, 80, 76]
0.8038658357266248
[66, 56, 52, 152, 48, 48, 38, 172, 80, 76]
0.777129274113056
[66, 56, 52, 152, 48, 48, 38, 176, 80, 76]
0.7543063987753191
[66, 56, 52, 152, 48, 48, 38, 180, 80, 76]
0.7343978988375779
[66, 56, 52, 152, 48, 48, 38, 184, 80, 76]
0.7157569205556469
[66, 56, 52, 152, 48, 48, 38, 188, 80, 76]
0.6958369631170196
[66, 56, 52, 152, 48, 48, 38, 192, 80, 76]
0.6720565683927275
[66, 56, 52, 152, 48, 48, 38, 196, 80, 76]
0.6429924712720341
[66, 56, 52, 152, 48, 48, 38, 200, 80, 76]
0.6094607767920366
[66, 56, 52, 152, 48, 48, 38, 204, 80, 76]
0.574616730244141
[66, 56, 52, 152, 48, 48, 38, 208, 80, 76]
0.542793046032237
[66, 56, 52, 152, 48, 48, 38, 212, 80, 76]
0.5157515120604528
[66, 56, 52, 152, 48, 48, 38, 216, 80, 76]
0.4954385299153743
[66, 56, 52, 152, 48, 48, 38, 220, 80, 76]
0.47998521301294517
[66, 56, 52, 152, 48, 48, 38, 224, 80, 76]
0.46783287446226973
[66, 56, 52, 152, 48, 48, 38, 228, 80, 76]
0.4580339540841576
[66, 56, 52, 152, 48, 48, 38, 232, 80, 76]
0.4507717825099675
[66, 56, 52, 152, 48, 48, 38, 236, 80, 76]
0.44508004506734267
[66, 56, 52, 152, 48, 48, 38, 240, 80, 76]
0.4406568362413299
[66, 56, 52, 152, 48, 48, 38, 244, 80, 76]
0.4369280174008898
[66, 56, 52, 152, 48, 48, 38, 248, 80, 76]
0.4345957825608029
[66, 56, 52, 152, 48, 48, 38, 252, 80, 76]
0.4343400716892334
[66, 56, 52, 152, 48, 48, 38, 256, 80, 76]
0.43577798489399844
[66, 56, 52, 152, 48, 48, 38, 260, 80, 76]
0.43860207810737384
[66, 56, 52, 152, 48, 48, 38, 264, 80, 76]
0.443359354277465
[66, 56, 52, 152, 48, 48, 38, 268, 80, 76]
0.4505630977348354
[66, 56, 52, 152, 48, 48, 38, 272, 80, 76]
0.4596443346892807
[66, 56, 52, 152, 48, 48, 38, 276, 80, 76]
0.4712646707628265
[66, 56, 52, 152, 48, 48, 38, 280, 80, 76]
0.4874929004822608
[66, 56, 52, 152, 48, 48, 38, 284, 80, 76]
0.508970304085554
[66, 56, 52, 152, 48, 48, 38, 288, 80, 76]
0.5376521142373629
[66, 56, 52, 152, 48, 48, 38, 292, 80, 76]
0.5766256701561441
[66, 56, 52, 152, 48, 48, 38, 296, 80, 76]
0.6305692834531491
[66, 56, 52, 152, 48, 48, 38, 300, 80, 76]
0.7081474888874768
[66, 56, 52, 152, 48, 48, 38, 304, 80, 76]
-1
[66, 56, 52, 152, 48, 48, 38, 308, 80, 76]
-1
[66, 56, 52, 152, 48, 48, 38, 312, 80, 76]
-1
[66, 56, 52, 152, 48, 48, 38, 316, 80, 76]
-1
[66, 56, 52, 152, 48, 48, 38, 320, 80, 76]
-1
[66, 56, 52, 152, 48, 48, 38, 324, 80, 76]
-1
[66, 56, 52, 152, 48, 48, 38, 328, 80, 76]
-1
[66, 56, 52, 152, 48, 48, 38, 332, 80, 76]
-1
[66, 56, 52, 152, 48, 48, 38, 336, 80, 76]
-1
[66, 56, 52, 152, 48, 48, 38, 340, 80, 76]
-1
[30, 56, 52, 152, 48, 48, 38, 124, 80, 76]
1.078804734242396
[34, 56, 52, 152, 48, 48, 38, 124, 80, 76]
1.1309072194080925
[38, 56, 52, 152, 48, 48, 38, 124, 80, 76]
1.1821197965588137
[42, 56, 52, 152, 48, 48, 38, 124, 80, 76]
1.231055081524954
[46, 56, 52, 152, 48, 48, 38, 124, 80, 76]
1.2764768023127069
[50, 56, 52, 152, 48, 48, 38, 124, 80, 76]
1.3168654615667856
[54, 56, 52, 152, 48, 48, 38, 124, 80, 76]
1.350734763196288
[58, 56, 52, 152, 48, 48, 38, 124, 80, 76]
1.3768227563821227
[62, 56, 52, 152, 48, 48, 38, 124, 80, 76]
1.3940482859884331
[66, 56, 52, 152, 48, 48, 38, 124, 80, 76]
1.4016275350966358
[70, 56, 52, 152, 48, 48, 38, 124, 80, 76]
1.3991300657971593
[74, 56, 52, 152, 48, 48, 38, 124, 80, 76]
1.3865021899862235
[78, 56, 52, 152, 48, 48, 38, 124, 80, 76]
0.0
[82, 56, 52, 152, 48, 48, 38, 124, 80, 76]
0.0
[86, 56, 52, 152, 48, 48, 38, 124, 80, 76]
0.0
[90, 56, 52, 152, 48, 48, 38, 124, 80, 76]
0.0
[94, 56, 52, 152, 48, 48, 38, 124, 80, 76]
0.0
[98, 56, 52, 152, 48, 48, 38, 124, 80, 76]
0.0
[102, 56, 52, 152, 48, 48, 38, 124, 80, 76]
0.0
[106, 56, 52, 152, 48, 48, 38, 124, 80, 76]
0.0
[110, 56, 52, 152, 48, 48, 38, 124, 80, 76]
0.0
[114, 56, 52, 152, 48, 48, 38, 124, 80, 76]
0.0
[66, 40, 52, 152, 48, 48, 38, 124, 80, 76]
1.1709548168080377
[66, 44, 52, 152, 48, 48, 38, 124, 80, 76]
1.313070140962893
[66, 48, 52, 152, 48, 48, 38, 124, 80, 76]
1.3734774493833621
[66, 52, 52, 152, 48, 48, 38, 124, 80, 76]
1.3978176169243157
[66, 56, 52, 152, 48, 48, 38, 124, 80, 76]
1.4016275350966358
[66, 60, 52, 152, 48, 48, 38, 124, 80, 76]
1.3844869131914344
[66, 64, 52, 152, 48, 48, 38, 124, 80, 76]
1.355579802375398
[66, 68, 52, 152, 48, 48, 38, 124, 80, 76]
1.3277240604874485
[66, 72, 52, 152, 48, 48, 38, 124, 80, 76]
1.3029527575830642
[66, 76, 52, 152, 48, 48, 38, 124, 80, 76]
1.2789362059373015
[66, 80, 52, 152, 48, 48, 38, 124, 80, 76]
1.2572659402006288
[66, 84, 52, 152, 48, 48, 38, 124, 80, 76]
1.2411441881957592
[66, 88, 52, 152, 48, 48, 38, 124, 80, 76]
1.2307608108285808
[66, 92, 52, 152, 48, 48, 38, 124, 80, 76]
1.2259334592297757
[66, 96, 52, 152, 48, 48, 38, 124, 80, 76]
1.2278395779128313
[66, 100, 52, 152, 48, 48, 38, 124, 80, 76]
1.238117304343835
[66, 56, 52, 152, 48, 48, 30, 124, 80, 76]
1.3865022563525302
[66, 56, 52, 152, 48, 48, 34, 124, 80, 76]
1.3991302162142847
[66, 56, 52, 152, 48, 48, 38, 124, 80, 76]
1.4016275350966358
[66, 56, 52, 152, 48, 48, 42, 124, 80, 76]
1.3940483946319961
[66, 56, 52, 152, 48, 48, 46, 124, 80, 76]
1.3768228036529793
[66, 56, 52, 152, 48, 48, 50, 124, 80, 76]
1.3507350897900356
[66, 56, 52, 152, 48, 48, 54, 124, 80, 76]
1.3168658039959558
[66, 56, 52, 152, 48, 48, 58, 124, 80, 76]
1.2765102488720572
[66, 56, 52, 152, 48, 48, 62, 124, 80, 76]
1.2311407858232473
[66, 56, 52, 152, 48, 48, 66, 124, 80, 76]
1.1821199556343225
[66, 56, 52, 152, 48, 48, 70, 124, 80, 76]
1.130225455134191
[66, 56, 52, 152, 48, 48, 74, 124, 80, 76]
1.0782624132250287
[66, 56, 52, 152, 48, 48, 78, 124, 80, 76]
1.0264779400116288
[66, 56, 52, 152, 48, 48, 82, 124, 80, 76]
0.9760626713375156
[66, 56, 52, 152, 48, 48, 86, 124, 80, 76]
0.9275065082671949
[66, 56, 52, 152, 48, 48, 38, 76, 80, 76]
0.0
[66, 56, 52, 152, 48, 48, 38, 80, 80, 76]
0.0
[66, 56, 52, 152, 48, 48, 38, 84, 80, 76]
0.0
[66, 56, 52, 152, 48, 48, 38, 88, 80, 76]
0.0
[66, 56, 52, 152, 48, 48, 38, 92, 80, 76]
0.0
[66, 56, 52, 152, 48, 48, 38, 96, 80, 76]
0.0
[66, 56, 52, 152, 48, 48, 38, 100, 80, 76]
0.0
[66, 56, 52, 152, 48, 48, 38, 104, 80, 76]
0.0
[66, 56, 52, 152, 48, 48, 38, 108, 80, 76]
0.0
[66, 56, 52, 152, 48, 48, 38, 112, 80, 76]
0.0
[66, 56, 52, 152, 48, 48, 38, 116, 80, 76]
0.0
[66, 56, 52, 152, 48, 48, 38, 120, 80, 76]
0.0
[66, 56, 52, 152, 48, 48, 38, 124, 80, 76]
1.4016275350966358
[66, 56, 52, 152, 48, 48, 38, 128, 80, 76]
1.3179584847871624
[66, 56, 52, 152, 48, 48, 38, 132, 80, 76]
1.2428305025664446
[66, 56, 52, 152, 48, 48, 38, 136, 80, 76]
1.174637009203136
[66, 56, 52, 152, 48, 48, 38, 140, 80, 76]
1.1121539361015245
[66, 56, 52, 152, 48, 48, 38, 144, 80, 76]
1.0547797993896313
[66, 56, 52, 152, 48, 48, 38, 148, 80, 76]
1.0021057795986839
[66, 56, 52, 152, 48, 48, 38, 152, 80, 76]
0.953837677145672
[66, 56, 52, 152, 48, 48, 38, 156, 80, 76]
0.909964918061211
[66, 56, 52, 152, 48, 48, 38, 160, 80, 76]
0.8703066906671937
[66, 56, 52, 152, 48, 48, 38, 164, 80, 76]
0.8348208952244252
[66, 56, 52, 152, 48, 48, 38, 168, 80, 76]
0.8038658357266248
[66, 56, 52, 152, 48, 48, 38, 172, 80, 76]
0.777129274113056
[30, 56, 52, 152, 48, 48, 38, 124, 80, 76]
1.078804734242396
[34, 56, 52, 152, 48, 48, 38, 124, 80, 76]
1.1309072194080925
[38, 56, 52, 152, 48, 48, 38, 124, 80, 76]
1.1821197965588137
[42, 56, 52, 152, 48, 48, 38, 124, 80, 76]
1.231055081524954
[46, 56, 52, 152, 48, 48, 38, 124, 80, 76]
1.2764768023127069
[50, 56, 52, 152, 48, 48, 38, 124, 80, 76]
1.3168654615667856
[54, 56, 52, 152, 48, 48, 38, 124, 80, 76]
1.350734763196288
[58, 56, 52, 152, 48, 48, 38, 124, 80, 76]
1.3768227563821227
[62, 56, 52, 152, 48, 48, 38, 124, 80, 76]
1.3940482859884331
[66, 56, 52, 152, 48, 48, 38, 124, 80, 76]
1.4016275350966358
[70, 56, 52, 152, 48, 48, 38, 124, 80, 76]
1.3991300657971593
[74, 56, 52, 152, 48, 48, 38, 124, 80, 76]
1.3865021899862235
[78, 56, 52, 152, 48, 48, 38, 124, 80, 76]
0.0
[82, 56, 52, 152, 48, 48, 38, 124, 80, 76]
0.0
[86, 56, 52, 152, 48, 48, 38, 124, 80, 76]
0.0
[90, 56, 52, 152, 48, 48, 38, 124, 80, 76]
0.0
[94, 56, 52, 152, 48, 48, 38, 124, 80, 76]
0.0
[98, 56, 52, 152, 48, 48, 38, 124, 80, 76]
0.0
[102, 56, 52, 152, 48, 48, 38, 124, 80, 76]
0.0
[106, 56, 52, 152, 48, 48, 38, 124, 80, 76]
0.0
[110, 56, 52, 152, 48, 48, 38, 124, 80, 76]
0.0
[114, 56, 52, 152, 48, 48, 38, 124, 80, 76]
0.0
[118, 56, 52, 152, 48, 48, 38, 124, 80, 76]
0.0
[122, 56, 52, 152, 48, 48, 38, 124, 80, 76]
0.0
[126, 56, 52, 152, 48, 48, 38, 124, 80, 76]
0.0
[130, 56, 52, 152, 48, 48, 38, 124, 80, 76]
0.0
[134, 56, 52, 152, 48, 48, 38, 124, 80, 76]
0.0
[138, 56, 52, 152, 48, 48, 38, 124, 80, 76]
0.0
[142, 56, 52, 152, 48, 48, 38, 124, 80, 76]
0.0
[146, 56, 52, 152, 48, 48, 38, 124, 80, 76]
0.0
[150, 56, 52, 152, 48, 48, 38, 124, 80, 76]
0.0
[154, 56, 52, 152, 48, 48, 38, 124, 80, 76]
0.40366472303078327
[158, 56, 52, 152, 48, 48, 38, 124, 80, 76]
0.4022397451255926
[66, 40, 52, 152, 48, 48, 38, 124, 80, 76]
1.1709548168080377
[66, 44, 52, 152, 48, 48, 38, 124, 80, 76]
1.313070140962893
[66, 48, 52, 152, 48, 48, 38, 124, 80, 76]
1.3734774493833621
[66, 52, 52, 152, 48, 48, 38, 124, 80, 76]
1.3978176169243157
[66, 56, 52, 152, 48, 48, 38, 124, 80, 76]
1.4016275350966358
[66, 60, 52, 152, 48, 48, 38, 124, 80, 76]
1.3844869131914344
[66, 64, 52, 152, 48, 48, 38, 124, 80, 76]
1.355579802375398
[66, 68, 52, 152, 48, 48, 38, 124, 80, 76]
1.3277240604874485
[66, 72, 52, 152, 48, 48, 38, 124, 80, 76]
1.3029527575830642
[66, 76, 52, 152, 48, 48, 38, 124, 80, 76]
1.2789362059373015
[66, 80, 52, 152, 48, 48, 38, 124, 80, 76]
1.2572659402006288
[66, 84, 52, 152, 48, 48, 38, 124, 80, 76]
1.2411441881957592
[66, 88, 52, 152, 48, 48, 38, 124, 80, 76]
1.2307608108285808
[66, 92, 52, 152, 48, 48, 38, 124, 80, 76]
1.2259334592297757
[66, 96, 52, 152, 48, 48, 38, 124, 80, 76]
1.2278395779128313
[66, 100, 52, 152, 48, 48, 38, 124, 80, 76]
1.238117304343835
[66, 56, 52, 152, 48, 48, 30, 124, 80, 76]
1.3865022563525302
[66, 56, 52, 152, 48, 48, 34, 124, 80, 76]
1.3991302162142847
[66, 56, 52, 152, 48, 48, 38, 124, 80, 76]
1.4016275350966358
[66, 56, 52, 152, 48, 48, 42, 124, 80, 76]
1.3940483946319961
[66, 56, 52, 152, 48, 48, 46, 124, 80, 76]
1.3768228036529793
[66, 56, 52, 152, 48, 48, 50, 124, 80, 76]
1.3507350897900356
[66, 56, 52, 152, 48, 48, 54, 124, 80, 76]
1.3168658039959558
[66, 56, 52, 152, 48, 48, 58, 124, 80, 76]
1.2765102488720572
[66, 56, 52, 152, 48, 48, 62, 124, 80, 76]
1.2311407858232473
[66, 56, 52, 152, 48, 48, 66, 124, 80, 76]
1.1821199556343225
[66, 56, 52, 152, 48, 48, 70, 124, 80, 76]
1.130225455134191
[66, 56, 52, 152, 48, 48, 74, 124, 80, 76]
1.0782624132250287
[66, 56, 52, 152, 48, 48, 78, 124, 80, 76]
1.0264779400116288
[66, 56, 52, 152, 48, 48, 82, 124, 80, 76]
0.9760626713375156
[66, 56, 52, 152, 48, 48, 86, 124, 80, 76]
0.9275065082671949
[66, 56, 52, 152, 48, 48, 90, 124, 80, 76]
0.8815395914304396
[66, 56, 52, 152, 48, 48, 94, 124, 80, 76]
0.8385836690176203
[66, 56, 52, 152, 48, 48, 98, 124, 80, 76]
0.7989176023196614
[66, 56, 52, 152, 48, 48, 102, 124, 80, 76]
0.7629970826287769
[66, 56, 52, 152, 48, 48, 106, 124, 80, 76]
0.7303503075591709
[66, 56, 52, 152, 48, 48, 110, 124, 80, 76]
0.7012005366502867
[66, 56, 52, 152, 48, 48, 114, 124, 80, 76]
0.6754824700777136
[66, 56, 52, 152, 48, 48, 118, 124, 80, 76]
0.6530949320786987
[66, 56, 52, 152, 48, 48, 122, 124, 80, 76]
0.6339112515816636
[66, 56, 52, 152, 48, 48, 126, 124, 80, 76]
0.6178190494203517
[66, 56, 52, 152, 48, 48, 130, 124, 80, 76]
0.6044307939426576
[66, 56, 52, 152, 48, 48, 134, 124, 80, 76]
0.5938727797321381
[66, 56, 52, 152, 48, 48, 138, 124, 80, 76]
0.5859084767366927
[66, 56, 52, 152, 48, 48, 142, 124, 80, 76]
0.5804475442135741
[66, 56, 52, 152, 48, 48, 146, 124, 80, 76]
0.5773816861890724
[66, 56, 52, 152, 48, 48, 150, 124, 80, 76]
0.5757758462976752
[66, 56, 52, 152, 48, 48, 38, 40, 80, 76]
0.0
[66, 56, 52, 152, 48, 48, 38, 44, 80, 76]
0.0
[66, 56, 52, 152, 48, 48, 38, 48, 80, 76]
0.0
[66, 56, 52, 152, 48, 48, 38, 52, 80, 76]
0.0
[66, 56, 52, 152, 48, 48, 38, 56, 80, 76]
0.0
[66, 56, 52, 152, 48, 48, 38, 60, 80, 76]
0.0
[66, 56, 52, 152, 48, 48, 38, 64, 80, 76]
0.0
[66, 56, 52, 152, 48, 48, 38, 68, 80, 76]
0.0
[66, 56, 52, 152, 48, 48, 38, 72, 80, 76]
0.0
[66, 56, 52, 152, 48, 48, 38, 76, 80, 76]
0.0
[66, 56, 52, 152, 48, 48, 38, 80, 80, 76]
0.0
[66, 56, 52, 152, 48, 48, 38, 84, 80, 76]
0.0
[66, 56, 52, 152, 48, 48, 38, 88, 80, 76]
0.0
[66, 56, 52, 152, 48, 48, 38, 92, 80, 76]
0.0
[66, 56, 52, 152, 48, 48, 38, 96, 80, 76]
0.0
[66, 56, 52, 152, 48, 48, 38, 100, 80, 76]
0.0
[66, 56, 52, 152, 48, 48, 38, 104, 80, 76]
0.0
[66, 56, 52, 152, 48, 48, 38, 108, 80, 76]
0.0
[66, 56, 52, 152, 48, 48, 38, 112, 80, 76]
0.0
[66, 56, 52, 152, 48, 48, 38, 116, 80, 76]
0.0
[66, 56, 52, 152, 48, 48, 38, 120, 80, 76]
0.0
[66, 56, 52, 152, 48, 48, 38, 124, 80, 76]
1.4016275350966358
[66, 56, 52, 152, 48, 48, 38, 128, 80, 76]
1.3179584847871624
[66, 56, 52, 152, 48, 48, 38, 132, 80, 76]
1.2428305025664446
[66, 56, 52, 152, 48, 48, 38, 136, 80, 76]
1.174637009203136
[66, 56, 52, 152, 48, 48, 38, 140, 80, 76]
1.1121539361015245
[66, 56, 52, 152, 48, 48, 38, 144, 80, 76]
1.0547797993896313
[66, 56, 52, 152, 48, 48, 38, 148, 80, 76]
1.0021057795986839
[66, 56, 52, 152, 48, 48, 38, 152, 80, 76]
0.953837677145672
[66, 56, 52, 152, 48, 48, 38, 156, 80, 76]
0.909964918061211
[66, 56, 52, 152, 48, 48, 38, 160, 80, 76]
0.8703066906671937
[66, 56, 52, 152, 48, 48, 38, 164, 80, 76]
0.8348208952244252
[66, 56, 52, 152, 48, 48, 38, 168, 80, 76]
0.8038658357266248
[66, 56, 52, 152, 48, 48, 38, 172, 80, 76]
0.777129274113056
[66, 56, 52, 152, 48, 48, 38, 176, 80, 76]
0.7543063987753191
[66, 56, 52, 152, 48, 48, 38, 180, 80, 76]
0.7343978988375779
[66, 56, 52, 152, 48, 48, 38, 184, 80, 76]
0.7157569205556469
[66, 56, 52, 152, 48, 48, 38, 188, 80, 76]
0.6958369631170196
[66, 56, 52, 152, 48, 48, 38, 192, 80, 76]
0.6720565683927275
[66, 56, 52, 152, 48, 48, 38, 196, 80, 76]
0.6429924712720341
[66, 56, 52, 152, 48, 48, 38, 200, 80, 76]
0.6094607767920366
[66, 56, 52, 152, 48, 48, 38, 204, 80, 76]
0.574616730244141
[66, 56, 52, 152, 48, 48, 38, 208, 80, 76]
0.542793046032237
[66, 56, 52, 152, 48, 48, 38, 212, 80, 76]
0.5157515120604528
[66, 56, 52, 152, 48, 48, 38, 216, 80, 76]
0.4954385299153743
[66, 56, 52, 152, 48, 48, 38, 220, 80, 76]
0.47998521301294517
[66, 56, 52, 152, 48, 48, 38, 224, 80, 76]
0.46783287446226973
[66, 56, 52, 152, 48, 48, 38, 228, 80, 76]
0.4580339540841576
[66, 56, 52, 152, 48, 48, 38, 232, 80, 76]
0.4507717825099675
[66, 56, 52, 152, 48, 48, 38, 236, 80, 76]
0.44508004506734267
[66, 56, 52, 152, 48, 48, 38, 240, 80, 76]
0.4406568362413299
[66, 56, 52, 152, 48, 48, 38, 244, 80, 76]
0.4369280174008898
[66, 56, 52, 152, 48, 48, 38, 248, 80, 76]
0.4345957825608029
[66, 56, 52, 152, 48, 48, 38, 252, 80, 76]
0.4343400716892334
[66, 56, 52, 152, 48, 48, 38, 256, 80, 76]
0.43577798489399844
[66, 56, 52, 152, 48, 48, 38, 260, 80, 76]
0.43860207810737384
[66, 56, 52, 152, 48, 48, 38, 264, 80, 76]
0.443359354277465
[66, 56, 52, 152, 48, 48, 38, 268, 80, 76]
0.4505630977348354
[66, 56, 52, 152, 48, 48, 38, 272, 80, 76]
0.4596443346892807
[66, 56, 52, 152, 48, 48, 38, 276, 80, 76]
0.4712646707628265
[66, 56, 52, 152, 48, 48, 38, 280, 80, 76]
0.4874929004822608
[66, 56, 52, 152, 48, 48, 38, 284, 80, 76]
0.508970304085554
[66, 56, 52, 152, 48, 48, 38, 288, 80, 76]
0.5376521142373629
[66, 56, 52, 152, 48, 48, 38, 292, 80, 76]
0.5766256701561441
[66, 56, 52, 152, 48, 48, 38, 296, 80, 76]
0.6305692834531491
[66, 56, 52, 152, 48, 48, 38, 300, 80, 76]
0.7081474888874768
[66, 56, 52, 152, 48, 48, 38, 304, 80, 76]
-1
[66, 56, 52, 152, 48, 48, 38, 308, 80, 76]
-1
[66, 56, 52, 152, 48, 48, 38, 312, 80, 76]
-1
[66, 56, 52, 152, 48, 48, 38, 316, 80, 76]
-1
[66, 56, 52, 152, 48, 48, 38, 320, 80, 76]
-1
[66, 56, 52, 152, 48, 48, 38, 324, 80, 76]
-1
[66, 56, 52, 152, 48, 48, 38, 328, 80, 76]
-1
[66, 56, 52, 152, 48, 48, 38, 332, 80, 76]
-1
[66, 56, 52, 152, 48, 48, 38, 336, 80, 76]
-1
[66, 56, 52, 152, 48, 48, 38, 340, 80, 76]
-1
[30, 56, 52, 152, 48, 48, 38, 124, 80, 76]
1.078804734242396
[34, 56, 52, 152, 48, 48, 38, 124, 80, 76]
1.1309072194080925
[38, 56, 52, 152, 48, 48, 38, 124, 80, 76]
1.1821197965588137
[42, 56, 52, 152, 48, 48, 38, 124, 80, 76]
1.231055081524954
[46, 56, 52, 152, 48, 48, 38, 124, 80, 76]
1.2764768023127069
[50, 56, 52, 152, 48, 48, 38, 124, 80, 76]
1.3168654615667856
[54, 56, 52, 152, 48, 48, 38, 124, 80, 76]
1.350734763196288
[58, 56, 52, 152, 48, 48, 38, 124, 80, 76]
1.3768227563821227
[62, 56, 52, 152, 48, 48, 38, 124, 80, 76]
1.3940482859884331
[66, 56, 52, 152, 48, 48, 38, 124, 80, 76]
1.4016275350966358
[70, 56, 52, 152, 48, 48, 38, 124, 80, 76]
1.3991300657971593
[74, 56, 52, 152, 48, 48, 38, 124, 80, 76]
1.3865021899862235
[78, 56, 52, 152, 48, 48, 38, 124, 80, 76]
0.0
[82, 56, 52, 152, 48, 48, 38, 124, 80, 76]
0.0
[86, 56, 52, 152, 48, 48, 38, 124, 80, 76]
0.0
[90, 56, 52, 152, 48, 48, 38, 124, 80, 76]
0.0
[94, 56, 52, 152, 48, 48, 38, 124, 80, 76]
0.0
[98, 56, 52, 152, 48, 48, 38, 124, 80, 76]
0.0
[102, 56, 52, 152, 48, 48, 38, 124, 80, 76]
0.0
[106, 56, 52, 152, 48, 48, 38, 124, 80, 76]
0.0
[110, 56, 52, 152, 48, 48, 38, 124, 80, 76]
0.0
[114, 56, 52, 152, 48, 48, 38, 124, 80, 76]
0.0
[66, 40, 52, 152, 48, 48, 38, 124, 80, 76]
1.1709548168080377
[66, 44, 52, 152, 48, 48, 38, 124, 80, 76]
1.313070140962893
[66, 48, 52, 152, 48, 48, 38, 124, 80, 76]
1.3734774493833621
[66, 52, 52, 152, 48, 48, 38, 124, 80, 76]
1.3978176169243157
[66, 56, 52, 152, 48, 48, 38, 124, 80, 76]
1.4016275350966358
[66, 60, 52, 152, 48, 48, 38, 124, 80, 76]
1.3844869131914344
[66, 64, 52, 152, 48, 48, 38, 124, 80, 76]
1.355579802375398
[66, 68, 52, 152, 48, 48, 38, 124, 80, 76]
1.3277240604874485
[66, 72, 52, 152, 48, 48, 38, 124, 80, 76]
1.3029527575830642
[66, 76, 52, 152, 48, 48, 38, 124, 80, 76]
1.2789362059373015
[66, 80, 52, 152, 48, 48, 38, 124, 80, 76]
1.2572659402006288
[66, 84, 52, 152, 48, 48, 38, 124, 80, 76]
1.2411441881957592
[66, 88, 52, 152, 48, 48, 38, 124, 80, 76]
1.2307608108285808
[66, 92, 52, 152, 48, 48, 38, 124, 80, 76]
1.2259334592297757
[66, 96, 52, 152, 48, 48, 38, 124, 80, 76]
1.2278395779128313
[66, 100, 52, 152, 48, 48, 38, 124, 80, 76]
1.238117304343835
[66, 56, 52, 152, 48, 48, 30, 124, 80, 76]
1.3865022563525302
[66, 56, 52, 152, 48, 48, 34, 124, 80, 76]
1.3991302162142847
[66, 56, 52, 152, 48, 48, 38, 124, 80, 76]
1.4016275350966358
[66, 56, 52, 152, 48, 48, 42, 124, 80, 76]
1.3940483946319961
[66, 56, 52, 152, 48, 48, 46, 124, 80, 76]
1.3768228036529793
[66, 56, 52, 152, 48, 48, 50, 124, 80, 76]
1.3507350897900356
[66, 56, 52, 152, 48, 48, 54, 124, 80, 76]
1.3168658039959558
[66, 56, 52, 152, 48, 48, 58, 124, 80, 76]
1.2765102488720572
[66, 56, 52, 152, 48, 48, 62, 124, 80, 76]
1.2311407858232473
[66, 56, 52, 152, 48, 48, 66, 124, 80, 76]
1.1821199556343225
[66, 56, 52, 152, 48, 48, 70, 124, 80, 76]
1.130225455134191
[66, 56, 52, 152, 48, 48, 74, 124, 80, 76]
1.0782624132250287
[66, 56, 52, 152, 48, 48, 78, 124, 80, 76]
1.0264779400116288
[66, 56, 52, 152, 48, 48, 82, 124, 80, 76]
0.9760626713375156
[66, 56, 52, 152, 48, 48, 86, 124, 80, 76]
0.9275065082671949
[66, 56, 52, 152, 48, 48, 38, 76, 80, 76]
0.0
[66, 56, 52, 152, 48, 48, 38, 80, 80, 76]
0.0
[66, 56, 52, 152, 48, 48, 38, 84, 80, 76]
0.0
[66, 56, 52, 152, 48, 48, 38, 88, 80, 76]
0.0
[66, 56, 52, 152, 48, 48, 38, 92, 80, 76]
0.0
[66, 56, 52, 152, 48, 48, 38, 96, 80, 76]
0.0
[66, 56, 52, 152, 48, 48, 38, 100, 80, 76]
0.0
[66, 56, 52, 152, 48, 48, 38, 104, 80, 76]
0.0
[66, 56, 52, 152, 48, 48, 38, 108, 80, 76]
0.0
[66, 56, 52, 152, 48, 48, 38, 112, 80, 76]
0.0
[66, 56, 52, 152, 48, 48, 38, 116, 80, 76]
0.0
[66, 56, 52, 152, 48, 48, 38, 120, 80, 76]
0.0
[66, 56, 52, 152, 48, 48, 38, 124, 80, 76]
1.4016275350966358
[66, 56, 52, 152, 48, 48, 38, 128, 80, 76]
1.3179584847871624
[66, 56, 52, 152, 48, 48, 38, 132, 80, 76]
1.2428305025664446
[66, 56, 52, 152, 48, 48, 38, 136, 80, 76]
1.174637009203136
[66, 56, 52, 152, 48, 48, 38, 140, 80, 76]
1.1121539361015245
